,fluxes
EX_cpd08636_b,0.0
EX_cpd15302_b,0.0
EX_cpd11416_b,0.2542285830160865
EX_cpd00067_b,-12.130388990288825
EX_cpd00182_b,0.0
EX_cpd11576_b,0.0
EX_cpd04097_b,0.0
EX_cpd11597_b,0.0
EX_cpd11585_b,0.0
EX_cpd00412_b,0.0
EX_cpd11582_b,0.0
EX_cpd00012_b,0.0
EX_cpd11586_b,0.0
EX_cpd01030_b,0.0
EX_cpd01012_b,0.0
EX_cpd00208_b,0.0
EX_cpd00635_b,0.0
EX_cpd00246_b,0.0
EX_cpd00276_b,0.0
EX_cpd00082_b,0.0
EX_cpd00080_b,0.0
EX_cpd00001_b,17.18057197896043
EX_cpd00367_b,0.0
EX_cpd00058_b,-0.0014890387113216915
EX_cpd00184_b,0.0
EX_cpd00314_b,0.0
EX_cpd11595_b,0.0
EX_cpd01017_b,0.0
EX_cpd00013_b,-1.9883314126753964
EX_cpd00051_b,0.0
EX_cpd00064_b,0.0
EX_cpd00179_b,0.0
EX_cpd00100_b,0.0
EX_cpd11591_b,0.0
EX_cpd00060_b,0.0
EX_cpd00438_b,0.0
EX_cpd00249_b,0.0
EX_cpd11593_b,0.0
EX_cpd00654_b,0.0
EX_cpd00076_b,0.0
EX_cpd03198_b,0.0
EX_cpd01171_b,0.0
EX_cpd00176_b,0.0
EX_cpd15605_b,0.0
EX_cpd00264_b,0.0
EX_cpd00154_b,0.0
EX_cpd00637_b,0.0
EX_cpd00122_b,0.0
EX_cpd00035_b,0.0
EX_cpd08306_b,0.0
EX_cpd15603_b,0.0
EX_cpd03696_b,0.0
EX_cpd00277_b,0.0
EX_cpd00118_b,0.0
EX_cpd00309_b,0.0
EX_cpd11580_b,0.0
EX_cpd01092_b,0.0
EX_cpd00220_b,0.0
EX_cpd03343_b,0.0
EX_cpd03279_b,0.0
EX_cpd00588_b,0.0
EX_cpd00423_b,0.0
EX_cpd00117_b,0.0
EX_cpd00307_b,0.0
EX_cpd00653_b,0.0
EX_cpd00254_b,-0.0014890387113216915
EX_cpd00138_b,0.0
EX_cpd00305_b,0.0
EX_cpd00159_b,-1.6812590679953496
EX_cpd00540_b,0.0
EX_cpd00009_b,-0.26876473871316026
EX_cpd15606_b,0.0
EX_cpd10516_b,-0.005956154845286766
EX_cpd00971_b,0.0
EX_cpd00030_b,-0.0014890387113216915
EX_cpd00149_b,-0.0014890387113216915
EX_cpd01914_b,0.0
EX_cpd00531_b,0.0
EX_cpd11583_b,0.0
EX_cpd11589_b,0.0
EX_cpd00027_b,0.0
EX_cpd00794_b,0.0
EX_cpd00226_b,0.0
EX_cpd08305_b,0.0
EX_cpd11588_b,0.0
EX_cpd00048_b,-0.05592975852400389
EX_cpd15604_b,0.0
EX_cpd00104_b,0.0
EX_cpd00007_b,-0.015792732465958775
EX_cpd03424_b,0.0
EX_cpd11592_b,0.0
EX_cpd11587_b,0.0
EX_cpd00092_b,0.0
EX_cpd11590_b,0.0
EX_cpd11581_b,0.0
EX_cpd00205_b,-0.0014890387113216915
EX_cpd11584_b,0.0
EX_cpd00158_b,0.0
EX_cpd00039_b,0.0
EX_cpd00121_b,0.0
EX_cpd00011_b,0.8794054219752925
EX_cpd00063_b,-0.0014890387113216915
EX_cpd00034_b,-0.0014890387113216915
EX_cpd00099_b,-0.0014890387113216915
rxn02201_c0nc,0.0
rxn07431_c0nc,0.0
rxn00836_c0nc,0.0
rxn00390_c0nc,0.0
rxn05318_c0nc,0.0
rxn11567_c0nc,0.0
rxn00423_c0nc,0.0
rxn10298_c0nc,0.0
rxn00364_c0nc,0.1485028901676806
rxn03408_c0nc,0.000261716427759782
rxn02177_c0nc,0.0
rxn05250_c0nc,0.0
rxn05440_c0nc,0.012048640443317256
rxn00935_c0nc,-0.08764635121250872
rxn01673_c0nc,0.0
rxn02342_c0nc,0.5756271983301056
rxn01452_c0nc,0.0
rxn00642_c0nc,0.0
rxn00022_c0nc,0.0
rxn10297_c0nc,0.0
rxn02772_c0nc,0.0
rxn00973_c0nc,0.0
rxn02000_c0nc,0.0
rxn03239_c0nc,0.0
rxn02632_c0nc,0.0
rxn00322_c0nc,0.0
rxn05457_c0nc,0.0
rxn04271_c0nc,0.0
rxn13783_c0nc,0.14491029231916927
rxn10118_c0nc,0.0
rxn00557_c0nc,0.02755670214158881
rxn05392_c0nc,0.012048640443317256
rxn00199_c0nc,0.0
rxn01358_c0nc,0.0
rxn10231_c0nc,0.0
rxn03086_c0nc,-0.04716851490677431
rxn12637_c0nc,0.0
rxn13971_c0nc,0.0
rxn01219_c0nc,0.0
rxn05958_c0nc,0.0
rxn00519_c0nc,-0.5211288117984532
rxn00258_c0nc,-0.24097280886634526
rxn00800_c0nc,0.039554016039284746
rxn09177_c0nc,0.0
rxn00211_c0nc,0.0
rxn00179_c0nc,0.053661052045546255
rxn01210_c0nc,0.0
rxn00192_c0nc,0.0
rxn01218_c0nc,0.0
rxn05367_c0nc,0.012048640443317266
rxn03360_c0nc,0.0
rxn02898_c0nc,0.0023010764957390904
rxn01199_c0nc,0.0
rxn00545_c0nc,0.0
rxn00771_c0nc,0.0
rxn08807_c0nc,0.0
rxn05614_c0nc,0.0
rxn10304_c0nc,0.0
rxn02316_c0nc,0.1485028901676806
rxn00257_c0nc,0.0
rxn10344_c0nc,0.0
rxn01547_c0nc,-0.01384438511682735
rxn02320_c0nc,-0.011875138855446712
rxn03384_c0nc,0.0
rxn06488_c0nc,0.0
rxn01405_c0nc,-0.0011505382478695458
rxn02504_c0nc,0.0034516147436086195
rxn04082_c0nc,0.0
rxn04996_c0nc,0.0
rxn00262_c0nc,0.0
rxn05404_c0nc,0.012048640443317266
rxn02796_c0nc,0.0
rxn10262_c0nc,0.0
rxn10126_c0nc,0.0
rxn10225_c0nc,0.0
rxn03463_c0nc,0.0
rxn01486_c0nc,0.0034516147436086365
rxn00898_c0nc,0.1092914520883528
rxn05444_c0nc,0.012048640443317266
rxn05040_c0nc,0.004602152991478183
rxn05400_c0nc,0.012048640443317256
rxn00890_c0nc,0.0
rxn03030_c0nc,0.04716851490677431
rxn01636_c0nc,0.0
rxn05235_c0nc,0.0
rxn02090_c0nc,0.0
rxn05505_c0nc,0.0
rxn08556_c0nc,0.0
rxn01843_c0nc,0.0
rxn00816_c0nc,0.0
rxn02988_c0nc,0.002301076495739185
rxn01021_c0nc,0.0
rxn00165_c0nc,0.0
rxn10228_c0nc,0.0
rxn01117_c0nc,0.0
rxn05814_c0nc,0.0
rxn05542_c0nc,0.0
rxn00539_c0nc,0.0
rxn00678_c0nc,0.0
rxn00001_c0nc,0.4506396114766381
rxn09685_c0nc,0.0
rxn01331_c0nc,0.0
rxn05545_c0nc,0.0
rxn11268_c0nc,0.0
rxn00710_c0nc,0.011769944130973962
rxn10317_c0nc,0.0
rxn01114_c0nc,-0.055544446014272324
rxn02305_c0nc,0.0011505382478695458
rxn00470_c0nc,0.0023010764957390917
rxn08817_c0nc,0.0
rxn00910_c0nc,0.0
rxn00953_c0nc,0.0
rxn11944_c0nc,0.0
rxn08296_c0nc,0.0
rxn05541_c0nc,0.0
rxn00717_c0nc,0.0
rxn05647_c0nc,0.0
rxn01297_c0nc,0.01384438511682735
rxn10254_c0nc,-0.001046865711039128
rxn05459_c0nc,0.0
rxn05453_c0nc,0.0
rxn01682_c0nc,0.007896967338872072
rxn08796_c0nc,0.0
rxn01604_c0nc,0.0
rxn06493_c0nc,0.0
rxn12846_c0nc,0.0
rxn00337_c0nc,0.06476612046943754
rxn01231_c0nc,0.0
rxn08308_c0nc,0.0
rxn00208_c0nc,0.0
rxn08823_c0nc,0.0
rxn05434_c0nc,0.012048640443317266
rxn05346_c0nc,0.0
rxn07680_c0nc,0.0
rxn05516_c0nc,0.0
rxn05142_c0nc,0.0
rxn05733_c0nc,0.0
rxn00416_c0nc,0.0
rxn09206_c0nc,0.0
rxn12158_c0nc,0.0
rxn02376_c0nc,0.0
rxn05598_c0nc,0.0
rxn10147_c0nc,0.0
rxn09209_c0nc,0.0
rxn12512_c0nc,0.0023010764957390475
rxn08669_c0nc,-0.0037330908829646286
rxn00902_c0nc,0.0623992291904113
rxn00015_c0nc,0.0011505382478695458
rxn00658_c0nc,0.0
rxn06672_c0nc,0.0
rxn02961_c0nc,0.0
rxn00649_c0nc,0.0
rxn01739_c0nc,0.05642255851443004
rxn02400_c0nc,0.0
rxn01268_c0nc,0.017241351396999807
rxn00361_c0nc,-0.0011505382478695458
rxn07434_c0nc,0.012048640443317266
rxn01974_c0nc,0.04716851490677431
rxn01287_c0nc,0.0
rxn00242_c0nc,0.0
rxn12641_c0nc,0.0
rxn00568_c0nc,0.0
rxn00762_c0nc,0.0
rxn08971_c0nc,0.0
rxn05316_c0nc,0.0
rxn01635_c0nc,0.0
rxn03015_c0nc,0.0
rxn04384_c0nc,0.0
rxn03887_c0nc,0.0
rxn00060_c0nc,0.0023010764957390917
rxn00225_c0nc,0.0
rxn05350_c0nc,0.0
rxn02046_c0nc,0.0
rxn09198_c0nc,0.0
rxn08838_c0nc,0.0
rxn00780_c0nc,0.0
rxn00148_c0nc,1.0170588956737858
rxn01102_c0nc,0.0
rxn05569_c0nc,-0.6421920743950655
rxn05358_c0nc,0.012048640443317266
rxn01863_c0nc,0.0
rxn00100_c0nc,0.0023010764957390475
rxn03482_c0nc,0.0
rxn02842_c0nc,0.0
rxn00789_c0nc,0.011875138855446712
rxn02374_c0nc,0.02333464785095286
rxn05560_c0nc,0.0
rxn05437_c0nc,0.012048640443317266
rxn05158_c0nc,0.0
rxn00837_c0nc,0.0
rxn08976_c0nc,0.15257816793989248
rxn00781_c0nc,-0.17302996439771498
rxn05319_c0nc,15.180469938029853
rxn00881_c0nc,0.0
rxn05408_c0nc,0.0
rxn02264_c0nc,0.0023010764957390917
rxn05198_c0nc,0.0
rxn03185_c0nc,0.0
rxn09202_c0nc,0.0012443636276548763
rxn01451_c0nc,0.0
rxn02687_c0nc,0.0
rxn03903_c0nc,0.0
rxn00097_c0nc,0.17080287859527615
rxn01217_c0nc,0.0
rxn02212_c0nc,0.05642255851443004
rxn00695_c0nc,0.0
rxn07670_c0nc,0.0
rxn05116_c0nc,0.0
rxn05324_c0nc,0.0
rxn10481_c0nc,0.0011505382478695458
rxn00655_c0nc,0.0
rxn00692_c0nc,-0.1910579004458079
rxn01492_c0nc,0.0
rxn00802_c0nc,0.0
rxn02160_c0nc,0.011875138855446712
rxn08802_c0nc,0.0
rxn02315_c0nc,-0.1485028901676806
rxn00556_c0nc,0.0
rxn00926_c0nc,0.01384438511682735
rxn10230_c0nc,0.0
rxn05413_c0nc,0.0
rxn00913_c0nc,0.0
rxn01997_c0nc,0.0
rxn08521_c0nc,0.0
rxn08809_c0nc,-0.012048640443317266
rxn00171_c0nc,0.0
rxn03958_c0nc,-0.03049179865422669
rxn00259_c0nc,0.0
rxn00345_c0nc,0.0
rxn10046_c0nc,0.0
rxn01362_c0nc,0.011769944130973962
rxn03174_c0nc,0.0
rxn00549_c0nc,0.0
rxn03951_c0nc,0.0
rxn04779_c0nc,0.0
rxn07875_c0nc,0.0
rxn05200_c0nc,0.0
rxn00506_c0nc,0.0
rxn00340_c0nc,0.021494001328358558
rxn10060_c0nc,-0.00194711503891391
rxn02933_c0nc,0.0
rxn00727_c0nc,0.007896967338872072
rxn05617_c0nc,0.0
rxn00465_c0nc,0.0
rxn12638_c0nc,0.0
rxn05127_c0nc,0.0
rxn00305_c0nc,0.0
rxn01445_c0nc,0.0
rxn05248_c0nc,0.0
rxn00612_c0nc,0.0
rxn05526_c0nc,0.0
rxn05539_c0nc,0.0
rxn08841_c0nc,0.0
rxn07312_c0nc,0.0
rxn01701_c0nc,0.0
rxn02159_c0nc,0.0
rxn10222_c0nc,0.0
rxn01966_c0nc,0.0
rxn00269_c0nc,0.0
rxn10263_c0nc,0.0
rxn02791_c0nc,0.0
rxn05466_c0nc,1.0633314126753963
rxn08814_c0nc,0.0
rxn08845_c0nc,0.0
rxn01292_c0nc,0.0
rxn00300_c0nc,0.0023010764957390917
rxn01925_c0nc,0.0
rxn02380_c0nc,0.0
rxn08792_c0nc,0.0
rxn10131_c0nc,0.3531235464185112
rxn05417_c0nc,0.0
rxn08799_c0nc,0.0
rxn05234_c0nc,0.0
rxn01804_c0nc,0.0
rxn01157_c0nc,0.0
rxn05957_c0nc,0.017597605562663234
rxn01844_c0nc,0.0
rxn03419_c0nc,0.0
rxn10256_c0nc,0.0
rxn04781_c0nc,0.0
rxn00758_c0nc,0.0
rxn00272_c0nc,0.0
rxn09111_c0nc,0.0
rxn06078_c0nc,0.0
rxn05607_c0nc,0.0
rxn03848_c0nc,-0.3250982187196569
rxn05348_c0nc,0.0
rxn05435_c0nc,0.012048640443317266
rxn00798_c0nc,-0.055544446014272324
rxn00907_c0nc,0.1661994365740567
rxn05458_c0nc,0.0
rxn08300_c0nc,0.0
rxn08297_c0nc,0.0
rxn00012_c0nc,0.0
rxn02444_c0nc,0.0
rxn01280_c0nc,0.0
rxn05581_c0nc,0.0
rxn07721_c0nc,0.0
rxn10322_c0nc,0.0
rxn05450_c0nc,0.0
rxn01161_c0nc,0.0
rxn12847_c0nc,0.0
rxn05443_c0nc,0.012048640443317266
rxn09320_c0nc,0.0
rxn09114_c0nc,0.0
rxn05535_c0nc,0.0
rxn03974_c0nc,0.0
rxn08822_c0nc,-0.0022912293386940044
rxn02821_c0nc,0.0
rxn05345_c0nc,0.0
rxn04068_c0nc,0.0
rxn01522_c0nc,0.0
rxn03891_c0nc,0.0034516147436086365
rxn01465_c0nc,-0.011769944130973962
rxn03052_c0nc,0.0
rxn01872_c0nc,0.0
rxn01301_c0nc,-0.017597605562663234
rxn01643_c0nc,0.06476612046943754
rxn04457_c0nc,0.0
rxn00248_c0nc,0.0
rxn00295_c0nc,0.00785149283279346
rxn00499_c0nc,0.0
rxn08844_c0nc,0.0
rxn00707_c0nc,0.2825227447863932
rxn00369_c0nc,-0.05260182436506772
rxn06937_c0nc,0.0
rxn03095_c0nc,0.0
rxn01220_c0nc,0.0
rxn00566_c0nc,0.0
rxn00708_c0nc,0.0
rxn07433_c0nc,0.012048640443317257
rxn03762_c0nc,0.0
rxn01269_c0nc,0.0
rxn00392_c0nc,0.0011505382478695458
rxn00747_c0nc,0.11098956572744334
rxn01334_c0nc,0.0
rxn00830_c0nc,0.0
rxn05219_c0nc,0.0
rxn10113_c0nc,0.0
rxn10292_c0nc,0.001046865711039128
rxn00879_c0nc,0.0
rxn03406_c0nc,0.0
rxn00029_c0nc,0.009204305982956367
rxn06673_c0nc,0.0
rxn07734_c0nc,0.0
rxn12646_c0nc,0.0
rxn06777_c0nc,0.0
rxn03869_c0nc,0.0
rxn05256_c0nc,0.0011505382478695458
rxn05448_c0nc,0.0
rxn05446_c0nc,0.0
rxn02175_c0nc,0.0023010764957390475
rxn01634_c0nc,0.0
rxn05317_c0nc,0.0
rxn03014_c0nc,0.0
rxn00020_c0nc,0.0
rxn10291_c0nc,0.001046865711039128
rxn02835_c0nc,0.011875138855446712
rxn03884_c0nc,0.0
rxn04385_c0nc,0.0
rxn03861_c0nc,0.0
rxn01675_c0nc,0.0
rxn08839_c0nc,0.0
rxn03289_c0nc,0.0
rxn03536_c0nc,0.0011505382478695458
rxn01575_c0nc,-0.03918795822297417
rxn02009_c0nc,0.0
rxn09562_c0nc,0.0
rxn05359_c0nc,0.012048640443317266
rxn03282_c0nc,0.0
rxn03080_c0nc,0.004602152991478183
rxn10237_c0nc,0.0
rxn01044_c0nc,0.0
rxn00143_c0nc,0.0
rxn12644_c0nc,0.0
rxn00147_c0nc,0.0
rxn01505_c0nc,0.006924373589790974
rxn00849_c0nc,-0.03114425490341406
rxn00737_c0nc,0.05123659866629143
rxn08843_c0nc,0.0
rxn04723_c0nc,0.0
rxn01256_c0nc,0.04277289993621025
rxn00213_c0nc,0.044753509146922735
rxn05199_c0nc,0.0
rxn13784_c0nc,0.14491029231916927
rxn01740_c0nc,-0.05642255851443004
rxn05533_c0nc,0.0
rxn05327_c0nc,0.0
rxn04841_c0nc,0.0
rxn05205_c0nc,0.0
rxn01444_c0nc,0.00194711503891391
rxn02762_c0nc,0.0
rxn05655_c0nc,0.0
rxn10302_c0nc,0.000261716427759782
rxn02314_c0nc,0.0
rxn08801_c0nc,0.0
rxn02161_c0nc,0.0
rxn02275_c0nc,0.0
rxn00503_c0nc,0.0
rxn00927_c0nc,0.0
rxn00251_c0nc,0.0
rxn01545_c0nc,0.0
rxn04043_c0nc,0.0
rxn05122_c0nc,0.0
rxn00139_c0nc,0.0
rxn07261_c0nc,0.0
rxn00790_c0nc,0.02882941543170758
rxn05612_c0nc,0.0
rxn02936_c0nc,0.0
rxn03910_c0nc,0.03049179865422669
rxn00237_c0nc,0.0
rxn00422_c0nc,-0.004602152991478165
rxn07100_c0nc,0.0
rxn03540_c0nc,0.0
rxn08311_c0nc,0.0012443636276548763
rxn03175_c0nc,0.011875138855446712
rxn10264_c0nc,0.0
rxn03421_c0nc,0.0
rxn10227_c0nc,0.0012443636276548763
rxn01023_c0nc,0.0
rxn09210_c0nc,0.0012443636276548763
rxn01484_c0nc,-0.04716851490677431
rxn04712_c0nc,0.0
rxn02112_c0nc,0.0
rxn00162_c0nc,0.0
rxn01124_c0nc,0.0
rxn00285_c0nc,0.1724768499982948
rxn05371_c0nc,0.012048640443317266
rxn04794_c0nc,0.0
rxn07584_c0nc,0.0
rxn00182_c0nc,0.0
rxn05567_c0nc,0.0
rxn01119_c0nc,0.0
rxn00532_c0nc,0.0
rxn01642_c0nc,0.0
rxn00132_c0nc,0.006941155629610076
rxn01618_c0nc,0.0
rxn04052_c0nc,0.0
rxn02819_c0nc,0.0
rxn01479_c0nc,0.0
rxn05681_c0nc,0.0
rxn08615_c0nc,0.0
rxn12850_c0nc,0.0
rxn08815_c0nc,-0.0037330908829646286
rxn00126_c0nc,0.008053767735086821
rxn01518_c0nc,0.00389423007782782
rxn00719_c0nc,0.0
rxn12844_c0nc,0.0
rxn08798_c0nc,0.0
rxn05175_c0nc,0.0
rxn09244_c0nc,0.0
rxn02584_c0nc,0.0
rxn08306_c0nc,0.0
rxn08821_c0nc,0.0
rxn00206_c0nc,0.0
rxn01871_c0nc,-0.5756271983301056
rxn00484_c0nc,0.0
rxn00405_c0nc,0.0
rxn01169_c0nc,0.0
rxn14301_c0nc,0.0
rxn00299_c0nc,0.0034516147436086195
rxn00756_c0nc,0.0
rxn01132_c0nc,0.0
rxn08900_c0nc,0.0
rxn04737_c0nc,0.0
rxn02379_c0nc,0.0
rxn05735_c0nc,0.0
rxn03921_c0nc,0.0
rxn11587_c0nc,0.0
rxn02484_c0nc,0.0011505382478695458
rxn05671_c0nc,0.0
rxn00013_c0nc,0.0
rxn02916_c0nc,0.0
rxn03618_c0nc,0.0
rxn01133_c0nc,0.0
rxn12639_c0nc,0.0
rxn10321_c0nc,0.0
rxn01000_c0nc,0.025531548539210448
rxn03397_c0nc,0.0011505382478695458
rxn00363_c0nc,0.0
rxn01462_c0nc,0.3250982187196569
rxn01972_c0nc,0.04716851490677431
rxn01281_c0nc,0.0
rxn00705_c0nc,-0.044753509146922735
rxn01670_c0nc,0.0
rxn12643_c0nc,0.0
rxn02522_c0nc,0.0
rxn05183_c0nc,0.0
rxn10294_c0nc,0.0
rxn11703_c0nc,0.0023010764957390904
rxn01300_c0nc,0.0
rxn02363_c0nc,0.0
rxn02173_c0nc,0.0
rxn00786_c0nc,0.02755670214158881
rxn14054_c0nc,0.0
rxn03012_c0nc,0.0
rxn10195_c0nc,0.000261716427759782
rxn03908_c0nc,0.03049179865422669
rxn09197_c0nc,0.0
rxn00740_c0nc,0.0
rxn01100_c0nc,0.21778347354463773
rxn00838_c0nc,0.039554016039284746
rxn02283_c0nc,0.0
rxn03287_c0nc,0.0
rxn05396_c0nc,0.012048640443317256
rxn00831_c0nc,0.0
rxn00748_c0nc,0.0
rxn12634_c0nc,0.0
rxn00883_c0nc,0.0
rxn01457_c0nc,0.0
rxn01255_c0nc,0.05642255851443004
rxn05872_c0nc,0.0
rxn10299_c0nc,0.0
rxn04727_c0nc,0.0
rxn05251_c0nc,0.0
rxn01781_c0nc,0.0
rxn05485_c0nc,-0.04024414131698333
rxn14089_c0nc,0.0
rxn00214_c0nc,0.0
rxn01211_c0nc,0.1373700211423491
rxn05496_c0nc,0.0
rxn00527_c0nc,-0.017241351396999807
rxn01215_c0nc,0.044753509146922735
rxn05322_c0nc,0.0
rxn05193_c0nc,0.0
rxn12848_c0nc,0.0
rxn03537_c0nc,0.0011505382478695458
rxn08804_c0nc,0.0
rxn01316_c0nc,0.0
rxn13782_c0nc,0.14491029231916927
rxn04270_c0nc,0.0
rxn00554_c0nc,0.0
rxn06099_c0nc,0.0
rxn11838_c0nc,0.0
rxn01951_c0nc,0.0
rxn10236_c0nc,0.0
rxn08527_c0nc,0.0
rxn05501_c0nc,0.0
rxn01509_c0nc,0.00194711503891391
rxn01748_c0nc,0.0
rxn00173_c0nc,0.0
rxn01548_c0nc,5.403873370358822
rxn08528_c0nc,0.15487924443563156
rxn01145_c0nc,0.0
rxn09688_c0nc,0.0
rxn02548_c0nc,0.0
rxn09205_c0nc,0.0
rxn05163_c0nc,0.0
rxn09201_c0nc,0.0
rxn05202_c0nc,0.0
rxn02115_c0nc,0.0
rxn05547_c0nc,0.0
rxn08352_c0nc,0.0037133311713684184
rxn00187_c0nc,0.8387603294626638
rxn00376_c0nc,0.0
rxn08850_c0nc,0.0
rxn05734_c0nc,0.0
rxn00772_c0nc,-5.334484539227723
rxn08812_c0nc,0.0
rxn00546_c0nc,0.0
rxn05682_c0nc,0.0
rxn02503_c0nc,0.0
rxn02262_c0nc,0.0
rxn03135_c0nc,0.011875138855446712
rxn01345_c0nc,0.0
rxn05429_c0nc,0.0
rxn05645_c0nc,0.0
rxn08310_c0nc,0.0
rxn00915_c0nc,0.011897270077913441
rxn02853_c0nc,0.0
rxn01967_c0nc,0.0
rxn06752_c0nc,0.0
rxn03462_c0nc,0.0
rxn10224_c0nc,0.0
rxn10133_c0nc,0.0
rxn01593_c0nc,0.0
rxn01135_c0nc,0.0
rxn01653_c0nc,0.0
rxn00474_c0nc,0.007896967338872072
rxn03147_c0nc,0.027678877183838033
rxn03843_c0nc,0.0
rxn08557_c0nc,0.0
rxn02317_c0nc,0.0
rxn11809_c0nc,0.0
rxn09687_c0nc,0.0
rxn01116_c0nc,-0.06129713725362006
rxn00606_c0nc,-0.249753067792116
rxn02182_c0nc,0.0
rxn02811_c0nc,-0.0623992291904113
rxn03062_c0nc,0.0623992291904113
rxn10258_c0nc,0.0
rxn00829_c0nc,0.0
rxn08847_c0nc,0.0
rxn00572_c0nc,1.597105807621898
rxn00670_c0nc,0.0
rxn01544_c0nc,0.0
rxn00863_c0nc,0.0
rxn09113_c0nc,0.0
rxn00711_c0nc,0.0
rxn10316_c0nc,0.0
rxn10184_c0nc,0.0
rxn01270_c0nc,0.0
rxn01763_c0nc,0.0
rxn00751_c0nc,0.0
rxn00908_c0nc,0.005041100960651778
rxn08299_c0nc,-0.001046865711039128
rxn05515_c0nc,0.0
rxn01138_c0nc,0.01384438511682735
rxn14090_c0nc,0.0
rxn02402_c0nc,0.002301076495739185
rxn10324_c0nc,0.0
rxn05452_c0nc,0.012048640443317266
rxn01607_c0nc,0.0
rxn05465_c0nc,0.14458368531980714
rxn12845_c0nc,0.0
rxn08820_c0nc,0.0
rxn05494_c0nc,0.0
rxn05347_c0nc,0.0
rxn04413_c0nc,0.0
rxn00404_c0nc,0.0
rxn00145_c0nc,0.0
rxn03407_c0nc,0.0
rxn05143_c0nc,0.0
rxn05388_c0nc,0.012048640443317256
rxn01870_c0nc,0.0
rxn01303_c0nc,0.0
rxn08901_c0nc,0.0
rxn00113_c0nc,0.011769944130973962
rxn04736_c0nc,0.0
rxn00497_c0nc,0.0
rxn03489_c0nc,0.0
rxn07579_c0nc,0.0
rxn06023_c0nc,0.0011505382478695458
rxn03481_c0nc,0.0
rxn00611_c0nc,-0.22389154258580168
rxn07435_c0nc,0.012048640443317266
rxn01678_c0nc,0.0
rxn00394_c0nc,0.0
rxn05919_c0nc,0.0
rxn00832_c0nc,-0.039554016039284746
rxn05871_c0nc,0.0
rxn01106_c0nc,0.4153808868425516
rxn10193_c0nc,0.000261716427759782
rxn12640_c0nc,0.0
rxn00690_c0nc,-0.09666546685519481
rxn00977_c0nc,0.0
rxn00931_c0nc,-0.02333464785095286
rxn08756_c0nc,0.026778467482858274
rxn09450_c0nc,0.0
rxn00938_c0nc,0.0
rxn05527_c0nc,0.0
rxn00412_c0nc,0.0076798993932289655
rxn02339_c0nc,0.0
rxn00650_c0nc,-0.0011505382478695458
rxn10094_c0nc,0.0011505382478695458
rxn03167_c0nc,0.0034516147436086195
rxn10305_c0nc,0.0
rxn02737_c0nc,0.0
rxn01313_c0nc,0.0
rxn00515_c0nc,-0.21104936487047116
rxn08846_c0nc,0.0
rxn03005_c0nc,-0.02882941543170758
rxn05012_c0nc,0.0
rxn03437_c0nc,0.05123659866629143
rxn01353_c0nc,0.00194711503891391
rxn10235_c0nc,0.0
rxn12633_c0nc,0.0
rxn00882_c0nc,0.0
rxn03244_c0nc,0.0
rxn00616_c0nc,0.08764635121250872
rxn00552_c0nc,0.0
rxn01639_c0nc,0.0
rxn05409_c0nc,0.0
rxn00313_c0nc,0.04690679847901453
rxn00735_c0nc,0.0
rxn00215_c0nc,0.0
rxn10160_c0nc,0.0
rxn00775_c0nc,0.0
rxn10571_c0nc,0.0
rxn05363_c0nc,0.012048640443317266
rxn00547_c0nc,0.0
rxn04750_c0nc,0.0
rxn05325_c0nc,0.0
rxn11040_c0nc,0.0
rxn03842_c0nc,0.0
rxn05610_c0nc,0.45492478726866403
rxn03366_c0nc,0.0
rxn02421_c0nc,0.0
rxn10042_c0nc,3.6118394998964805
rxn08803_c0nc,0.0
rxn01053_c0nc,0.0
rxn03490_c0nc,0.0
rxn08025_c0nc,0.0
rxn06062_c0nc,0.0
rxn02895_c0nc,0.02882941543170758
rxn07295_c0nc,0.0
rxn01066_c0nc,0.0
rxn07688_c0nc,0.0
rxn00189_c0nc,0.0
rxn01508_c0nc,0.0
rxn02508_c0nc,0.007896967338872072
rxn05442_c0nc,0.012048640443317256
rxn00543_c0nc,0.0
rxn01996_c0nc,0.0
rxn00428_c0nc,0.0
rxn09992_c0nc,0.0
rxn00420_c0nc,0.24235092244483658
rxn06205_c0nc,0.0
rxn09657_c0nc,0.0
rxn10253_c0nc,-0.001046865711039128
rxn10221_c0nc,0.004977454510619505
rxn02792_c0nc,0.0
rxn05451_c0nc,0.0
rxn00469_c0nc,0.0
rxn05005_c0nc,0.0011505382478695458
rxn02795_c0nc,0.0
rxn09996_c0nc,0.0
rxn00048_c0nc,0.0023010764957390917
rxn07876_c0nc,0.0
rxn12191_c0nc,0.0
rxn05231_c0nc,0.0
rxn09200_c0nc,0.0
rxn00283_c0nc,0.0
rxn00726_c0nc,0.0
rxn00184_c0nc,-0.866447036307125
rxn01025_c0nc,0.0
rxn08851_c0nc,0.0
rxn02155_c0nc,0.002301076495739185
rxn02228_c0nc,0.0
rxn01754_c0nc,0.0
rxn05170_c0nc,0.0
rxn01390_c0nc,0.0
rxn02475_c0nc,0.0023010764957390917
rxn00575_c0nc,0.0
rxn05460_c0nc,0.0
rxn03108_c0nc,0.0011505382478695458
rxn07449_c0nc,0.0
rxn01018_c0nc,0.011769944130973962
rxn04132_c0nc,0.0
rxn00714_c0nc,0.0
rxn05236_c0nc,0.0
rxn08813_c0nc,0.0
rxn05602_c0nc,1.6812590679953496
rxn00124_c0nc,0.0
rxn01439_c0nc,0.0
rxn08793_c0nc,1.597105807621898
rxn00947_c0nc,0.0
rxn00278_c0nc,-0.042485659534401976
rxn01476_c0nc,0.0
rxn00205_c0nc,0.0
rxn00440_c0nc,0.0
rxn02576_c0nc,0.0
rxn02789_c0nc,0.0623992291904113
rxn00988_c0nc,0.0
rxn01600_c0nc,0.0
rxn05455_c0nc,0.0
rxn01506_c0nc,0.0
rxn00410_c0nc,0.0
rxn03063_c0nc,0.0
rxn01333_c0nc,-0.0024372893695950165
rxn10257_c0nc,0.0
rxn06586_c0nc,-0.012048640443317256
rxn06394_c0nc,0.0
rxn12510_c0nc,0.0023010764957390475
rxn00151_c0nc,0.0
rxn03933_c0nc,0.0
rxn04780_c0nc,0.0
rxn07684_c0nc,0.0
rxn00414_c0nc,0.0
rxn09110_c0nc,0.0
rxn00529_c0nc,0.0
rxn03970_c0nc,0.0
rxn00159_c0nc,0.0
rxn05349_c0nc,0.0
rxn00303_c0nc,0.0
rxn00799_c0nc,0.08764635121250872
rxn01977_c0nc,0.0
rxn01073_c0nc,0.0
rxn02405_c0nc,0.0
rxn00011_c0nc,0.7361552490847498
rxn07430_c0nc,0.0
rxn01986_c0nc,-0.00584134511674173
rxn02200_c0nc,0.0034516147436086195
rxn01069_c0nc,0.0
rxn10323_c0nc,0.0
rxn05528_c0nc,0.0
rxn00791_c0nc,0.007896967338872072
rxn00702_c0nc,0.0
rxn03150_c0nc,0.0011505382478695458
rxn05108_c0nc,0.0
rxn00065_c0nc,0.0
rxn00365_c0nc,0.0
rxn00358_c0nc,0.0
rxn02321_c0nc,0.0
rxn05181_c0nc,0.0
rxn05312_c0nc,0.0
rxn08975_c0nc,0.0
rxn01646_c0nc,0.0
rxn03378_c0nc,0.0
rxn10296_c0nc,0.0
rxn00105_c0nc,0.0
rxn03446_c0nc,0.0
rxn01302_c0nc,0.0
rxn00607_c0nc,0.0
rxn00223_c0nc,0.0
rxn00784_c0nc,-0.00584134511674173
rxn00368_c0nc,-0.2338151504991533
rxn03273_c0nc,0.0
rxn01537_c0nc,0.0
rxn01864_c0nc,0.0
rxn00328_c0nc,0.0
rxn02285_c0nc,-0.000261716427759782
rxn10293_c0nc,0.001046865711039128
rxn00559_c0nc,0.45492478726866403
rxn02458_c0nc,0.0
rxn08848_c0nc,0.0
rxn07883_c0nc,0.0
rxn10194_c0nc,0.000261716427759782
rxn08840_c0nc,0.0
rxn00807_c0nc,0.0
rxn03907_c0nc,0.03049179865422669
rxn01987_c0nc,0.0
rxn03538_c0nc,0.0011505382478695458
rxn09310_c0nc,0.0011505382478695458
rxn02834_c0nc,0.011875138855446712
rxn01213_c0nc,0.0037133311713684184
rxn09953_c0nc,0.0
rxn03860_c0nc,0.0
rxn00459_c0nc,-0.4153808868425516
rxn12851_c0nc,0.0
rxn02304_c0nc,0.0005752691239347729
rxn00770_c0nc,0.0757203505785225
rxn01314_c0nc,0.0
rxn02318_c0nc,0.0
rxn08806_c0nc,0.0
rxn05436_c0nc,0.012048640443317266
rxn05195_c0nc,0.004602152991478183
rxn05209_c0nc,-0.54
rxn06377_c0nc,0.0
rxn10234_c0nc,0.0
rxn05059_c0nc,-0.00194711503891391
rxn01366_c0nc,0.00389423007782782
rxn10121_c0nc,1.597105807621898
rxn05579_c0nc,0.0
rxn06197_c0nc,0.0
rxn01208_c0nc,0.0623992291904113
rxn01143_c0nc,0.0
rxn01647_c0nc,0.0
rxn05618_c0nc,0.0011505382478695458
rxn10474_c0nc,-0.0011505382478695458
rxn00260_c0nc,-0.1925096517195992
rxn04757_c0nc,0.0
rxn10120_c0nc,0.0
rxn03380_c0nc,0.0
rxn05504_c0nc,0.0
rxn07454_c0nc,0.0
rxn00461_c0nc,0.000261716427759782
rxn05613_c0nc,0.0
rxn06037_c0nc,0.0
rxn00817_c0nc,0.0
rxn00181_c0nc,0.0
rxn03856_c0nc,0.0
rxn05247_c0nc,0.0
rxn10303_c0nc,0.0
rxn00858_c0nc,0.0
rxn03136_c0nc,0.027678877183838033
rxn00222_c0nc,0.0
rxn10229_c0nc,0.0
rxn00621_c0nc,0.1107060489423878
rxn05287_c0nc,0.0034516147436086365
rxn01387_c0nc,0.0
rxn00818_c0nc,0.0
rxn02937_c0nc,0.02882941543170758
rxn08810_c0nc,0.0
rxn06799_c0nc,0.0
rxn03467_c0nc,0.0
rxn01652_c0nc,0.0
rxn03541_c0nc,0.0
rxn00350_c0nc,-0.0011505382478695458
rxn03137_c0nc,0.039554016039284746
rxn10343_c0nc,0.0
rxn05544_c0nc,0.0
rxn01115_c0nc,0.0
rxn02755_c0nc,0.0
rxn08818_c0nc,0.0
rxn05239_c0nc,0.0293024418108073
rxn08312_c0nc,0.0
rxn00952_c0nc,0.0
rxn01396_c0nc,0.0
rxn00161_c0nc,0.0
rxn01961_c0nc,0.0
rxn01517_c0nc,0.0
rxn06750_c0nc,0.0
rxn10226_c0nc,0.0012443636276548763
rxn09978_c0nc,0.0
rxn09211_c0nc,0.0
rxn01807_c0nc,0.0
rxn05006_c0nc,0.0011505382478695458
rxn01299_c0nc,0.0
rxn01800_c0nc,0.0
rxn02107_c0nc,0.0
rxn08309_c0nc,0.0
rxn05379_c0nc,0.012048640443317266
rxn01512_c0nc,0.0
rxn03841_c0nc,0.0034516147436086195
rxn00866_c0nc,0.0
rxn04954_c0nc,-0.025651373297750055
rxn03249_c0nc,0.0
rxn04113_c0nc,0.0
rxn00713_c0nc,0.0
rxn05909_c0nc,0.012855374496013611
rxn01257_c0nc,0.0034516147436086195
rxn09272_c0nc,0.0
rxn00903_c0nc,-0.044591146402202464
rxn00980_c0nc,0.0
rxn01648_c0nc,0.0
rxn02213_c0nc,0.05642255851443004
rxn05441_c0nc,0.012048640443317256
rxn03365_c0nc,0.0
rxn03892_c0nc,0.0034516147436086365
rxn05454_c0nc,0.012048640443317266
rxn01127_c0nc,0.0
rxn01461_c0nc,0.3250982187196569
rxn05537_c0nc,0.0
rxn02569_c0nc,0.0
rxn04908_c0nc,0.0
rxn05824_c0nc,0.0
rxn05226_c0nc,0.0
rxn00615_c0nc,0.0
rxn06160_c0nc,0.0
rxn02521_c0nc,0.0
rxn05445_c0nc,0.0
rxn04674_c0nc,0.0
rxn07493_c0nc,0.0
rxn00569_c0nc,0.0
rxn00332_c0nc,0.0
rxn05449_c0nc,0.0
rxn03971_c0nc,0.0
rxn06870_c0nc,0.0
rxn00743_c0nc,0.0
rxn06735_c0nc,0.0
rxn01775_c0nc,0.0
rxn03483_c0nc,0.0
rxn02483_c0nc,0.0
rxn10191_c0nc,0.000261716427759782
rxn01265_c0nc,-0.0011505382478695458
rxn00834_c0nc,0.0
rxn00782_c0nc,0.0
rxn00704_c0nc,0.0
rxn00773_c0nc,0.0
rxn01459_c0nc,0.0
rxn05252_c0nc,0.0
rxn01671_c0nc,0.0
rxn02322_c0nc,0.0
rxn02362_c0nc,0.0
rxn12642_c0nc,0.0
rxn05313_c0nc,0.18
rxn10295_c0nc,0.0
rxn11702_c0nc,0.0023010764957390904
rxn07673_c0nc,0.0
rxn01332_c0nc,0.05642255851443004
rxn02630_c0nc,0.0
rxn02045_c0nc,0.0
rxn01945_c0nc,0.0
rxn01530_c0nc,0.0
rxn01499_c0nc,0.0
rxn00785_c0nc,0.05885984788402504
rxn00693_c0nc,0.024500835049880508
rxn03909_c0nc,0.03164233690209624
rxn10806_c0nc,0.0
rxn01101_c0nc,0.24235092244483658
rxn06094_c0nc,0.0
rxn00355_c0nc,0.0
rxn03084_c0nc,0.02882941543170758
rxn10233_c0nc,0.0012443636276548763
rxn06600_c0nc,0.0
rxn00216_c0nc,0.15020028287262352
rxn06728_c0nc,0.0
rxn02005_c0nc,-0.249753067792116
rxn08808_c0nc,0.012048640443317266
rxn00558_c0nc,0.34515407489216976
rxn12635_c0nc,0.0
rxn00346_c0nc,0.0034516147436085935
rxn04726_c0nc,0.0
rxn00550_c0nc,0.0
rxn07841_c0nc,0.0
rxn01859_c0nc,0.0
rxn00194_c0nc,0.0
rxn00806_c0nc,-0.05035058874709404
rxn05328_c0nc,0.0
rxn05024_c0nc,0.0
rxn01851_c0nc,0.0
rxn11834_c0nc,0.0
rxn05201_c0nc,0.0
rxn09449_c0nc,0.0
rxn05323_c0nc,0.0
rxn05192_c0nc,0.0
rxn02604_c0nc,0.0
rxn03002_c0nc,0.0
rxn00314_c0nc,0.0
rxn05538_c0nc,0.0
rxn05616_c0nc,-0.0011505382478695458
rxn10306_c0nc,0.0
rxn08805_c0nc,0.0
rxn01507_c0nc,0.0
rxn01790_c0nc,-0.0023010764957390475
rxn05651_c0nc,0.03160351830654639
rxn00077_c0nc,0.0030976532867834257
rxn01388_c0nc,0.0
rxn02391_c0nc,0.0
rxn03638_c0nc,0.021864433463785055
rxn05438_c0nc,0.012048640443317266
rxn10301_c0nc,0.000261716427759782
rxn05126_c0nc,0.0
rxn01406_c0nc,0.0
rxn01446_c0nc,-0.00194711503891391
rxn05249_c0nc,0.0
rxn01816_c0nc,0.0
rxn02056_c0nc,-0.0011505382478695458
rxn03980_c0nc,0.0
rxn06322_c0nc,0.0
rxn10223_c0nc,0.0
rxn00742_c0nc,0.0
rxn04658_c0nc,0.0
rxn02596_c0nc,0.0
rxn10260_c0nc,0.0037330908829646286
rxn10319_c0nc,0.000261716427759782
rxn03915_c0nc,0.0
rxn03242_c0nc,0.0
rxn00541_c0nc,-0.07831191525670993
rxn03075_c0nc,0.0
rxn01368_c0nc,0.00389423007782782
rxn00134_c0nc,0.0
rxn01480_c0nc,0.0
rxn09199_c0nc,0.0
rxn05233_c0nc,0.0
rxn09109_c0nc,0.0
rxn00141_c0nc,0.006903229487217275
rxn02003_c0nc,0.0
rxn07056_c0nc,0.0
rxn05375_c0nc,0.012048640443317266
rxn14294_c0nc,0.0
rxn01200_c0nc,0.0024372893695950165
rxn00186_c0nc,0.0
rxn08558_c0nc,0.0
rxn01241_c0nc,0.5997244792167401
rxn00859_c0nc,0.011875138855446712
rxn00438_c0nc,0.0011505382478695458
rxn01027_c0nc,0.0
rxn04744_c0nc,0.0
rxn00288_c0nc,0.0
rxn02185_c0nc,-0.1092914520883528
rxn00763_c0nc,0.0
rxn00819_c0nc,0.0
rxn00007_c0nc,0.0
rxn08811_c0nc,0.0
rxn02473_c0nc,0.011875138855446712
rxn01275_c0nc,0.0
rxn06060_c0nc,0.0
rxn01434_c0nc,0.0
rxn00912_c0nc,0.0023010764957390475
rxn08819_c0nc,0.0
rxn03849_c0nc,0.3250982187196569
rxn03512_c0nc,0.0
rxn01291_c0nc,0.0
rxn00122_c0nc,0.0011505382478695458
rxn09979_c0nc,0.0
rxn06076_c0nc,0.0
rxn00985_c0nc,0.0
rxn12849_c0nc,0.0
rxn08294_c0nc,0.0
rxn10259_c0nc,0.0037330908829646286
rxn01602_c0nc,0.0
rxn07720_c0nc,0.0
rxn08094_c0nc,-0.13647063246971883
rxn02302_c0nc,0.0
rxn05223_c0nc,0.0
rxn01761_c0nc,0.0
rxn05433_c0nc,0.012048640443317266
rxn05344_c0nc,0.0
rxn01521_c0nc,0.0
rxn12636_c0nc,0.0
rxn11759_c0nc,0.0
rxn00338_c0nc,0.002301076495739185
rxn05384_c0nc,0.012048640443317256
rxn01975_c0nc,0.0
rxn02373_c0nc,0.053661052045546255
rxn01649_c0nc,-0.01384438511682735
rxn03839_c0nc,0.0
rxn03094_c0nc,0.0
rxn00085_c0nc,0.0
rxn00119_c0nc,0.02066830267480655
rxn00709_c0nc,0.0
rxn07432_c0nc,0.012048640443317257
rxn11749_c0nc,0.0
rxn04453_c0nc,0.0
rxn05149_c0nc,0.0
rxn00608_c0nc,0.44470685981166225
rxn05468_c0nc,0.005465056677380436
rxn09345_c0nc,0.00026171642775978197
rxn04454_c0nc,0.0
rxn05447_c0nc,0.0
rxn01633_c0nc,0.0
rxn01466_c0nc,0.0037133311713684184
rxn05187_c0nc,0.0
rxn10290_c0nc,0.0
rxn01304_c0nc,0.017597605562663234
rxn03409_c0nc,0.0
rxn03885_c0nc,0.0
rxn00974_c0nc,0.0
rxn02962_c0nc,0.0
rxn01948_c0nc,0.0
rxn05740_c0nc,0.0
rxn09203_c0nc,0.0
rxn03904_c0nc,0.000261716427759782
rxn01225_c0nc,0.0
rxn04760_c0nc,0.0
rxn07842_c0nc,0.0
rxn01171_c0nc,0.0
rxn02288_c0nc,0.0011505382478695458
rxn10199_c0nc,0.000261716427759782
rxn00783_c0nc,0.0
rxn00409_c0nc,0.0
rxn02831_c0nc,0.0023010764957390904
rxn01107_c0nc,0.0
rxn07885_c0nc,0.0
rxn10192_c0nc,0.000785149283279346
rxn01455_c0nc,0.0
rxn05534_c0nc,0.0
rxn00736_c0nc,0.0
rxn01258_c0nc,0.0023010764957390904
rxn08842_c0nc,0.0
rxn00778_c0nc,5.4077676004366495
rxn03901_c0nc,0.00026171642775978197
rxn01985_c0nc,0.0
rxn00808_c0nc,0.0
rxn02832_c0nc,0.0023010764957390904
rxn01747_c0nc,0.0
rxn10052_c0nc,0.0011505382478695458
rxn07672_c0nc,0.0
rxn04133_c0nc,0.0
rxn05540_c0nc,0.0
rxn00193_c0nc,0.03140597133117384
rxn05326_c0nc,0.0
rxn06760_c0nc,0.0
rxn04840_c0nc,0.0
rxn05197_c0nc,0.0
rxn00653_c0nc,0.0011505382478695458
rxn03164_c0nc,0.000261716427759782
rxn06372_c0nc,0.0
rxn00929_c0nc,0.0
rxn08800_c0nc,0.0
rxn14264_c0nc,0.0
rxn11892_c0nc,0.0
rxn02166_c0nc,0.0
rxn00256_c0nc,0.0
rxn03644_c0nc,0.0
rxn03004_c0nc,0.0
rxn10232_c0nc,0.0012443636276548763
rxn00138_c0nc,0.002301076495739185
rxn05536_c0nc,0.0
rxn00921_c0nc,0.0
rxn01995_c0nc,0.0
rxn02015_c0nc,0.0
rxn05546_c0nc,0.0
rxn05054_c0nc,0.0
rxn01621_c0nc,0.0
rxn10770_c0nc,0.0
rxn01819_c0nc,0.0
rxn10289_c0nc,0.0
rxn00231_c0nc,0.0
rxn05421_c0nc,0.0
rxn01799_c0nc,-0.00389423007782782
rxn00897_c0nc,0.0
rxn01485_c0nc,-0.021864433463785055
rxn05206_c0nc,0.0023010764957390917
rxn09207_c0nc,0.0
rxn09296_c0nc,0.001150538247869639
rxn00239_c0nc,0.013047808325782987
rxn00441_c0nc,0.0
rxn00302_c0nc,0.0
rxn00467_c0nc,-0.03032640419459339
rxn02465_c0nc,0.0
rxn02222_c0nc,0.0
rxn02093_c0nc,0.0
rxn01791_c0nc,0.0023010764957390475
rxn00183_c0nc,0.0
rxn00623_c0nc,-0.030452980058676846
rxn10300_c0nc,0.000261716427759782
rxn03333_c0nc,0.0
rxn05543_c0nc,0.0
rxn11609_c0nc,0.0
rxn03465_c0nc,0.0
rxn00950_c0nc,0.0
rxn00002_c0nc,0.3250982187196569
rxn02507_c0nc,0.007896967338872072
rxn00542_c0nc,0.08415326037345165
rxn10220_c0nc,0.004977454510619505
rxn05464_c0nc,0.0
rxn08458_c0nc,0.0
rxn02862_c0nc,0.0
rxn10261_c0nc,0.0
rxn01964_c0nc,0.0
rxn08816_c0nc,0.0
rxn02341_c0nc,0.0023010764957390475
rxn06591_c0nc,0.0
rxn01519_c0nc,0.0
rxn01343_c0nc,0.0
rxn01080_c0nc,0.0
rxn01014_c0nc,-0.004602152991478165
rxn10255_c0nc,0.0
rxn08797_c0nc,0.0
rxn01805_c0nc,0.0
rxn00127_c0nc,0.0
rxn05232_c0nc,0.00194711503891391
rxn06759_c0nc,0.0
rxn09108_c0nc,0.0
rxn01513_c0nc,0.00194711503891391
rxn02435_c0nc,0.0
rxn08307_c0nc,0.0
rxn11612_c0nc,0.0
rxn05177_c0nc,0.0
rxn00209_c0nc,0.0
rxn02474_c0nc,-0.0023010764957390917
rxn03246_c0nc,0.0
rxn06517_c0nc,0.0
rxn00604_c0nc,0.0
rxn12645_c0nc,0.0
rxn07448_c0nc,0.0
rxn00715_c0nc,0.0
rxn01019_c0nc,0.0
rxn05518_c0nc,0.44470685981166225
rxn06335_c0nc,-0.012048640443317266
rxn08849_c0nc,0.0
rxn09448_c0nc,0.0
rxn09208_c0nc,0.0
rxn05439_c0nc,0.012048640443317256
rxn05305_c0nc,0.0
rxn05593_c0nc,0.0
rxn08295_c0nc,0.0
rxn02914_c0nc,-0.24235092244483658
rxn01603_c0nc,0.0034516147436086195
rxn10320_c0nc,0.000261716427759782
rxn00055_c0nc,0.0
rxn00686_c0nc,-0.005398729782522529
rxn00905_c0nc,0.0
rxn05456_c0nc,0.0
rxn02409_c0nc,0.0
rxn09112_c0nc,0.0
rxn00157_c0nc,0.19117357145947234
rxn03194_c0nc,0.05123659866629143
rxn06075_c0nc,0.0
rxn00689_c0nc,0.0
rxn01286_c0nc,0.0
rxn05289_c0nc,0.03355063334546039
rxn05467_c0nc,-0.8794054219752925
rxn00117_c0nc,0.0
rxn05343_c0nc,0.0
rxn01520_c0nc,0.00194711503891391
rxn05425_c0nc,0.0
rxn05736_c0nc,0.0
rxn10318_c0nc,0.000261716427759782
rxn03445_c0nc,0.0
rxn01641_c0nc,0.0
rxn11663_c0nc,0.0
rxn01226_c0nc,-5.390028985241995
rxn00493_c0nc,-0.025531548539210448
rxn08298_c0nc,0.0
rxn01834_c0nc,0.0
rxn00293_c0nc,0.02878880705357603
rxn05383_c0nc,0.012048640443317256
rxn10196_c0nc,0.000261716427759782
rxn00741_c0nc,0.0
rxn00839_c0nc,0.0
rxn03838_c0nc,0.0
rxn00359_c0nc,0.030452980058676846
rxn00599_c0nc,0.018408611965912734
rxn10284_c0nc,0.001046865711039128
rxn12008_c0nc,0.0034516147436086365
rxn10030_c0nc,0.012048640443317266
rxn01644_c0nc,0.04716851490677431
rxn00958_c0nc,0.0011505382478695458
rxn00297_c0nc,0.000785149283279346
rxn08040_c0nc,0.000785149283279346
rxn00224_c0nc,0.0011505382478695458
rxn10338_c0nc,0.0012443636276548763
rxn05514_c0nc,0.0011505382478695458
rxn05386_c0nc,0.012048640443317256
rxn11946_c0nc,0.0011505382478695458
rxn05393_c0nc,0.012048640443317256
rxn05360_c0nc,0.012048640443317266
rxn10214_c0nc,0.006024320221658633
rxn05039_c0nc,0.0023010764957390917
rxn03893_c0nc,0.0011505382478695458
rxn05394_c0nc,0.012048640443317256
rxn05376_c0nc,0.012048640443317266
rxn03852_c0nc,0.000785149283279346
rxn00555_c0nc,0.7112250227656249
rxn05364_c0nc,0.012048640443317266
rxn10282_c0nc,0.001046865711039128
rxn10053_c0nc,0.027678877183838033
rxn10197_c0nc,0.000261716427759782
rxn10273_c0nc,0.001046865711039128
rxn02929_c0nc,0.04716851490677431
rxn02286_c0nc,0.000261716427759782
rxn05368_c0nc,0.012048640443317266
rxn00851_c0nc,0.000261716427759782
rxn10275_c0nc,0.001046865711039128
rxn10266_c0nc,0.0037330908829646286
rxn01361_c0nc,0.011769944130973962
rxn05381_c0nc,0.012048640443317266
rxn05398_c0nc,0.012048640443317256
rxn05315_c0nc,0.0011505382478695458
rxn05402_c0nc,0.012048640443317256
rxn03395_c0nc,0.0011505382478695458
rxn05401_c0nc,0.012048640443317256
rxn10337_c0nc,0.0012443636276548763
rxn02303_c0nc,0.0011505382478695458
rxn10274_c0nc,0.001046865711039128
rxn10473_c0nc,0.0011505382478695458
rxn02897_c0nc,0.0011505382478695458
rxn05390_c0nc,0.012048640443317256
rxn02476_c0nc,0.05642255851443004
rxn05385_c0nc,0.012048640443317256
rxn10309_c0nc,0.000261716427759782
rxn12239_c0nc,0.0011505382478695458
rxn10311_c0nc,0.000261716427759782
rxn08333_c0nc,0.0023010764957390904
rxn10265_c0nc,0.0037330908829646286
rxn02774_c0nc,0.0011505382478695458
rxn00056_c0nc,0.0008629036859021593
rxn10310_c0nc,0.000261716427759782
rxn09128_c0nc,0.0022912293386940044
rxn10283_c0nc,0.001046865711039128
rxn03393_c0nc,0.0011505382478695458
rxn05397_c0nc,0.012048640443317256
rxn05373_c0nc,0.012048640443317266
rxn12225_c0nc,0.0005752691239347729
rxn12224_c0nc,0.0011505382478695458
rxn08764_c0nc,0.05123659866629143
rxn04139_c0nc,0.0011505382478695458
rxn05377_c0nc,0.012048640443317266
rxn02186_c0nc,0.1092914520883528
rxn10336_c0nc,0.0012443636276548763
rxn05293_c0nc,0.03049179865422669
rxn02011_c0nc,0.000261716427759782
rxn05380_c0nc,0.012048640443317266
rxn05369_c0nc,0.012048640443317266
rxn05361_c0nc,0.012048640443317266
rxn02250_c0nc,0.0011505382478695458
rxn05144_c0nc,0.0011505382478695458
rxn10205_c0nc,0.006024320221658633
rxn05029_c0nc,0.0011505382478695458
rxn02008_c0nc,0.000261716427759782
rxn10206_c0nc,0.006024320221658633
rxn05406_c0nc,0.012048640443317266
rxn05372_c0nc,0.012048640443317266
rxn05405_c0nc,0.012048640443317266
rxn05365_c0nc,0.012048640443317266
rxn10215_c0nc,0.006024320221658633
rxn09997_c0nc,0.0011505382478695458
rxn09163_c0nc,0.0037330908829646286
rxn05389_c0nc,0.012048640443317256
bio1nc,0.14491029231916927
EX_cpd00067_e0,-12.130388990288825
EX_cpd00182_e0,0.0
EX_cpd08636_c0nc,0.0
EX_cpd11576_e0,0.0
EX_cpd04097_e0,0.0
EX_cpd11597_e0,0.0
EX_cpd11585_e0,0.0
EX_cpd00412_e0,0.0
EX_cpd11582_e0,0.0
EX_cpd00012_e0,0.0
EX_cpd11586_e0,0.0
EX_cpd01030_e0,0.0
EX_cpd01012_e0,0.0
EX_cpd00208_e0,0.0
EX_cpd00635_e0,0.0
EX_cpd00246_e0,0.0
EX_cpd00276_e0,0.0
EX_cpd00082_e0,0.0
EX_cpd00080_e0,0.0
EX_cpd00001_e0,17.18057197896043
EX_cpd00367_e0,0.0
EX_cpd00058_e0,-0.0014890387113216915
EX_cpd00184_e0,0.0
EX_cpd00314_e0,0.0
EX_cpd11595_e0,0.0
EX_cpd01017_e0,0.0
EX_cpd00013_e0,-1.9883314126753964
EX_cpd00051_e0,0.0
EX_cpd00064_e0,0.0
EX_cpd00179_e0,0.0
EX_cpd00100_e0,0.0
EX_cpd11591_e0,0.0
EX_cpd00060_e0,0.0
EX_cpd00438_e0,0.0
EX_cpd00249_e0,0.0
EX_cpd11593_e0,0.0
EX_cpd00654_e0,0.0
EX_cpd00076_e0,0.0
EX_cpd03198_e0,0.0
EX_cpd01171_e0,0.0
EX_cpd00176_e0,0.0
EX_cpd15302_c0nc,0.0
EX_cpd15605_e0,0.0
EX_cpd00264_e0,0.0
EX_cpd00154_e0,0.0
EX_cpd00637_e0,0.0
EX_cpd00122_e0,0.0
EX_cpd00035_e0,0.0
EX_cpd08306_e0,0.0
EX_cpd15603_e0,0.0
EX_cpd03696_e0,0.0
EX_cpd00277_e0,0.0
EX_cpd00118_e0,0.0
EX_cpd00309_e0,0.0
EX_cpd11580_e0,0.0
EX_cpd01092_e0,0.0
EX_cpd00220_e0,0.0
EX_cpd03343_e0,0.0
EX_cpd03279_e0,0.0
EX_cpd00588_e0,0.0
EX_cpd00423_e0,0.0
EX_cpd00117_e0,0.0
EX_cpd00307_e0,0.0
EX_cpd00653_e0,0.0
EX_cpd00254_e0,-0.0014890387113216915
EX_cpd00138_e0,0.0
EX_cpd00305_e0,0.0
EX_cpd00159_e0,-1.6812590679953496
EX_cpd00540_e0,0.0
EX_cpd00009_e0,-0.26876473871316026
EX_cpd15606_e0,0.0
EX_cpd10516_e0,-0.005956154845286766
EX_cpd00971_e0,0.0
EX_cpd00030_e0,-0.0014890387113216915
EX_cpd00149_e0,-0.0014890387113216915
EX_cpd01914_e0,0.0
EX_cpd00531_e0,0.0
EX_cpd11583_e0,0.0
EX_cpd11589_e0,0.0
EX_cpd00027_e0,0.0
EX_cpd00794_e0,0.0
EX_cpd00226_e0,0.0
EX_cpd08305_e0,0.0
EX_cpd11588_e0,0.0
EX_cpd00048_e0,-0.05592975852400389
EX_cpd15604_e0,0.0
EX_cpd00104_e0,0.0
EX_cpd00007_e0,-0.015792732465958775
EX_cpd03424_e0,0.0
EX_cpd11592_e0,0.0
EX_cpd11587_e0,0.0
EX_cpd00092_e0,0.0
EX_cpd11590_e0,0.0
EX_cpd11581_e0,0.0
EX_cpd00205_e0,-0.0014890387113216915
EX_cpd11584_e0,0.0
EX_cpd00158_e0,0.0
EX_cpd00039_e0,0.0
EX_cpd00121_e0,0.0
EX_cpd00011_e0,0.8794054219752925
EX_cpd00063_e0,-0.0014890387113216915
EX_cpd00034_e0,-0.0014890387113216915
EX_cpd00099_e0,-0.0014890387113216915
rxn_Endglu_c0nc,0.0
EX_cpd11746_e0,0.22235342990583112
EX_cpd11746_b,-0.22235342990583112
rxn_Exoglu_c0nc,0.0
rxn_bglu_c0nc,0.0
EX_cpd00023_b,0.0
EX_cpd00107_b,0.0
EX_cpd00322_b,-0.03574520596615305
EX_cpd00156_b,0.0
rxn02201_c0csp,0.0
rxn00351_c0csp,0.0
rxn07431_c0csp,0.0
rxn00836_c0csp,0.0
rxn00390_c0csp,0.0
rxn11567_c0csp,0.0
rxn00423_c0csp,0.009678206224296182
rxn00364_c0csp,0.06104694230917912
rxn03408_c0csp,0.0027341157910632055
rxn02177_c0csp,0.0
rxn05250_c0csp,0.0
rxn05440_c0csp,0.009312206123025675
rxn00935_c0csp,0.4332404291421309
rxn01673_c0csp,0.0
rxn02342_c0csp,0.2674018963361916
rxn00022_c0csp,0.0
rxn00973_c0csp,0.10046461617231683
rxn02000_c0csp,0.0027341157910632055
rxn03239_c0csp,0.0
rxn05457_c0csp,-0.016404694746379234
rxn04271_c0csp,0.0
rxn13783_c0csp,0.10931829069691718
rxn10118_c0csp,0.0
rxn05392_c0csp,0.009312206123025675
rxn08934_c0csp,0.0
rxn12008_c0csp,0.0010155013903564319
rxn00199_c0csp,0.10046461617231683
rxn01358_c0csp,0.0
rxn12637_c0csp,0.0
rxn03046_c0csp,0.0
rxn09240_c0csp,0.023987739754005352
rxn01219_c0csp,0.0
rxn05958_c0csp,0.0
rxn00519_c0csp,-0.5042938649500821
rxn00258_c0csp,-0.2819381751477255
rxn00800_c0csp,0.02449153970729669
rxn09177_c0csp,0.000677000926904282
rxn00211_c0csp,0.0
rxn00179_c0csp,0.027645475904975323
rxn02945_c0csp,0.0
rxn01210_c0csp,0.0
rxn00730_c0csp,0.0
rxn00192_c0csp,0.0
rxn01218_c0csp,0.0
rxn05367_c0csp,0.009312206123025664
rxn03360_c0csp,0.0
rxn02898_c0csp,0.0006770009269042911
rxn01199_c0csp,0.0
rxn00545_c0csp,0.0
rxn00771_c0csp,0.0
rxn08807_c0csp,0.0
rxn10344_c0csp,0.0
rxn01547_c0csp,0.0
rxn02320_c0csp,-0.00866496127454266
rxn03384_c0csp,0.0
rxn06488_c0csp,0.0
rxn01405_c0csp,0.0
rxn02504_c0csp,0.0010155013903564401
rxn04082_c0csp,0.0
rxn04996_c0csp,0.0037496171814196374
rxn00262_c0csp,0.0
rxn05404_c0csp,0.009312206123025664
rxn02796_c0csp,0.0
rxn10262_c0csp,0.0
rxn10126_c0csp,0.0
rxn10225_c0csp,0.0
rxn01486_c0csp,0.0010155013903564319
rxn00898_c0csp,0.08953160436792275
rxn05444_c0csp,0.009312206123025664
rxn05040_c0csp,0.0013540018538085823
rxn05400_c0csp,0.009312206123025664
rxn01636_c0csp,0.0
rxn05235_c0csp,0.001751352460777482
rxn02090_c0csp,0.0
rxn00816_c0csp,0.0
rxn02988_c0csp,0.000677000926904281
rxn01243_c0csp,0.0
rxn01021_c0csp,0.0
rxn05814_c0csp,0.0
rxn00539_c0csp,0.0010155013903564401
rxn00678_c0csp,0.0
rxn00001_c0csp,0.7343837785531522
rxn01331_c0csp,0.0
rxn06297_c0csp,0.0
rxn00710_c0csp,0.022626357011495124
rxn01114_c0csp,0.0
rxn02305_c0csp,0.000338500463452141
rxn00470_c0csp,0.0006770009269042911
rxn08817_c0csp,0.0
rxn00910_c0csp,-0.01667903677387419
rxn11944_c0csp,0.0
rxn02479_c0csp,0.0
rxn03373_c0csp,0.0
rxn05647_c0csp,0.0
rxn05459_c0csp,0.0
rxn05453_c0csp,0.0
rxn01682_c0csp,0.005160033118547873
rxn08796_c0csp,0.0
rxn02586_c0csp,0.0
rxn06493_c0csp,0.0
rxn12846_c0csp,0.0
rxn00337_c0csp,0.048585746284122516
rxn08308_c0csp,0.0
rxn00208_c0csp,0.0
rxn08823_c0csp,0.0
rxn05031_c0csp,0.0
rxn05434_c0csp,0.009312206123025664
rxn05346_c0csp,0.0
rxn07680_c0csp,0.0
rxn03248_c0csp,0.0
rxn08127_c0csp,0.0
rxn05516_c0csp,0.0
rxn05142_c0csp,0.0
rxn05733_c0csp,0.0
rxn12158_c0csp,0.0
rxn01134_c0csp,-0.249753067792116
rxn02376_c0csp,0.0
rxn05598_c0csp,0.0
rxn02279_c0csp,0.0
rxn00526_c0csp,0.013530660606154687
rxn12512_c0csp,0.0
rxn00902_c0csp,0.050349073282798
rxn00015_c0csp,0.0
rxn00658_c0csp,0.0
rxn00449_c0csp,0.0
rxn06672_c0csp,0.0
rxn02961_c0csp,0.0
rxn00649_c0csp,0.009678206224296182
rxn01739_c0csp,0.03727500257154926
rxn02400_c0csp,0.0
rxn00641_c0csp,0.0
rxn00361_c0csp,0.023987739754005352
rxn07434_c0csp,0.009312206123025663
rxn01974_c0csp,0.0
rxn00242_c0csp,0.0
rxn12641_c0csp,0.0
rxn00568_c0csp,0.0
rxn08971_c0csp,0.0
rxn01635_c0csp,0.0
rxn03887_c0csp,0.0
rxn00060_c0csp,0.0006770009269042911
rxn00225_c0csp,0.0697001126531151
rxn05350_c0csp,0.0
rxn08838_c0csp,0.0
rxn00780_c0csp,0.0
rxn00148_c0csp,0.196193207385288
rxn01102_c0csp,-6.862550152409289
rxn05569_c0csp,0.6421920743950655
rxn05358_c0csp,0.009312206123025664
rxn00100_c0csp,0.000677000926904282
rxn02374_c0csp,0.0
rxn05560_c0csp,0.0
rxn05437_c0csp,0.009312206123025664
rxn08976_c0csp,0.0
rxn00781_c0csp,1.0165863960175319
rxn05319_c0csp,2.4448089007422356
rxn00881_c0csp,0.0
rxn05298_c0csp,0.0
rxn05408_c0csp,0.0
rxn00292_c0csp,0.0
rxn05401_c0csp,0.009312206123025664
rxn02264_c0csp,0.0006770009269042911
rxn01451_c0csp,0.0
rxn02687_c0csp,0.0
rxn03903_c0csp,0.0
rxn00097_c0csp,0.5632068603552214
rxn02212_c0csp,0.03727500257154926
rxn00695_c0csp,0.0
rxn07670_c0csp,0.0
rxn05324_c0csp,0.0
rxn10481_c0csp,0.00033850046345214557
rxn00655_c0csp,0.0
rxn00692_c0csp,-0.10778659550888049
rxn01492_c0csp,0.0
rxn00802_c0csp,0.3800920213965822
rxn01099_c0csp,-6.862550152409289
rxn02160_c0csp,0.00866496127454266
rxn08802_c0csp,0.0
rxn05413_c0csp,0.0
rxn02703_c0csp,0.0
rxn00913_c0csp,0.0
rxn01997_c0csp,0.0027341157910632055
rxn08521_c0csp,0.0
rxn08809_c0csp,-0.009312206123025664
rxn00171_c0csp,0.0
rxn03958_c0csp,-0.038199284824546716
rxn00259_c0csp,0.0
rxn01051_c0csp,0.0
rxn00345_c0csp,0.0
rxn00178_c0csp,0.0
rxn01362_c0csp,0.022626357011495124
rxn03174_c0csp,0.0
rxn01064_c0csp,0.0
rxn10125_c0csp,0.0
rxn07875_c0csp,0.0
rxn02696_c0csp,0.0
rxn05418_c0csp,0.0
rxn00506_c0csp,0.0
rxn10060_c0csp,-0.0044854682518406875
rxn02933_c0csp,0.0
rxn00727_c0csp,0.005160033118547873
rxn05617_c0csp,0.0
rxn12638_c0csp,0.0
rxn05243_c0csp,0.0
rxn02268_c0csp,0.0
rxn05127_c0csp,0.0
rxn00305_c0csp,0.0
rxn01445_c0csp,0.0
rxn05248_c0csp,0.0
rxn00612_c0csp,0.9117941009495552
rxn06403_c0csp,0.0
rxn08841_c0csp,0.0
rxn05461_c0csp,0.0
rxn07312_c0csp,0.0
rxn01701_c0csp,0.0
rxn02159_c0csp,0.0
rxn10222_c0csp,0.0
rxn01966_c0csp,0.0
rxn10263_c0csp,0.0
rxn05466_c0csp,0.925
rxn08814_c0csp,0.0
rxn08845_c0csp,0.0
rxn01292_c0csp,0.0
rxn00300_c0csp,0.0006770009269042911
rxn01925_c0csp,0.0
rxn02380_c0csp,0.0
rxn08792_c0csp,0.0
rxn10131_c0csp,-0.3531235464185112
rxn05417_c0csp,0.0
rxn08799_c0csp,0.0
rxn05234_c0csp,0.0
rxn01157_c0csp,0.0
rxn05957_c0csp,0.0
rxn03419_c0csp,0.0
rxn00679_c0csp,0.0
rxn02975_c0csp,0.0
rxn09111_c0csp,0.0
rxn06078_c0csp,0.0
rxn05607_c0csp,0.0
rxn03848_c0csp,0.0
rxn05348_c0csp,0.0
rxn05435_c0csp,0.009312206123025664
rxn03245_c0csp,0.0
rxn00907_c0csp,0.07748771310841959
rxn05458_c0csp,0.0
rxn02404_c0csp,0.008202347373189617
rxn02911_c0csp,0.0
rxn00012_c0csp,0.0
rxn05581_c0csp,0.0
rxn07721_c0csp,0.0
rxn05450_c0csp,0.0
rxn12847_c0csp,0.0
rxn05410_c0csp,0.0
rxn05443_c0csp,0.009312206123025664
rxn09320_c0csp,0.0
rxn09114_c0csp,0.0
rxn08822_c0csp,0.0
rxn02821_c0csp,0.0
rxn05345_c0csp,0.010936463164252822
rxn04068_c0csp,0.0
rxn00336_c0csp,0.0
rxn05422_c0csp,0.0
rxn03891_c0csp,0.0010155013903564319
rxn01465_c0csp,-0.022626357011495124
rxn03052_c0csp,0.0
rxn01872_c0csp,0.0
rxn01301_c0csp,0.0
rxn01643_c0csp,0.048585746284122516
rxn04457_c0csp,0.0
rxn03487_c0csp,0.0
rxn00248_c0csp,0.0
rxn00295_c0csp,0.0
rxn00499_c0csp,0.0
rxn08844_c0csp,0.0
rxn05385_c0csp,0.009312206123025675
rxn00707_c0csp,0.0
rxn06937_c0csp,0.0
rxn14017_c0csp,0.0
rxn03095_c0csp,0.0
rxn00708_c0csp,0.001751352460777482
rxn07433_c0csp,0.009312206123025675
rxn03762_c0csp,0.0
rxn00392_c0csp,0.00033850046345214557
rxn00747_c0csp,-0.9773828064647521
rxn01334_c0csp,0.0
rxn00830_c0csp,0.0
rxn10113_c0csp,0.0
rxn03406_c0csp,0.0
rxn00029_c0csp,0.0027080037076171646
rxn00609_c0csp,0.0
rxn06673_c0csp,0.0
rxn07734_c0csp,0.0
rxn12646_c0csp,0.0
rxn06777_c0csp,0.0
rxn05256_c0csp,0.0
rxn05448_c0csp,0.0
rxn05446_c0csp,0.0
rxn02175_c0csp,0.000677000926904282
rxn00020_c0csp,0.0
rxn02835_c0csp,0.00866496127454266
rxn03440_c0csp,0.0
rxn03884_c0csp,0.0
rxn01675_c0csp,0.0027341157910632055
rxn02353_c0csp,0.0
rxn08839_c0csp,0.0
rxn03289_c0csp,0.0
rxn03536_c0csp,0.00033850046345214557
rxn01575_c0csp,0.009312206123025663
rxn05150_c0csp,0.00033850046345214557
rxn02009_c0csp,0.0
rxn03240_c0csp,0.0
rxn09562_c0csp,0.0
rxn05359_c0csp,0.009312206123025664
rxn00555_c0csp,-0.671499752547796
rxn03282_c0csp,0.0
rxn03080_c0csp,0.0013540018538085823
rxn01044_c0csp,0.0
rxn00143_c0csp,0.0
rxn12644_c0csp,0.0
rxn00737_c0csp,0.0
rxn01259_c0csp,0.0
rxn05292_c0csp,0.0013540018538085823
rxn08843_c0csp,0.0
rxn04723_c0csp,0.0
rxn00213_c0csp,0.010936463164252822
rxn13784_c0csp,0.10931829069691718
rxn01740_c0csp,-0.03727500257154926
rxn02642_c0csp,0.0
rxn05573_c0csp,0.0
rxn00190_c0csp,0.0
rxn05327_c0csp,0.0
rxn05655_c0csp,0.0
rxn02314_c0csp,0.0
rxn08801_c0csp,-0.004656103061512832
rxn05244_c0csp,0.03574520596615305
rxn00503_c0csp,-0.02015333689697002
rxn00251_c0csp,0.0
rxn04043_c0csp,0.0
rxn00139_c0csp,0.0
rxn07261_c0csp,0.0
rxn00790_c0csp,0.034411375916938464
rxn02936_c0csp,0.0
rxn00237_c0csp,0.065312724484709
rxn01489_c0csp,0.0
rxn07100_c0csp,0.0
rxn08311_c0csp,0.004656103061512832
rxn03175_c0csp,0.00866496127454266
rxn10264_c0csp,0.0
rxn03421_c0csp,0.0
rxn01023_c0csp,0.0
rxn05336_c0csp,0.0
rxn01484_c0csp,0.04024414131698333
rxn00285_c0csp,0.005416007415234329
rxn05371_c0csp,0.009312206123025664
rxn04794_c0csp,0.0
rxn07584_c0csp,0.0
rxn00182_c0csp,0.0
rxn05567_c0csp,0.0
rxn02181_c0csp,0.0
rxn01119_c0csp,0.0
rxn00532_c0csp,0.0
rxn00132_c0csp,0.0
rxn14256_c0csp,0.0
rxn04052_c0csp,0.0
rxn02819_c0csp,0.0
rxn01479_c0csp,0.0
rxn08815_c0csp,0.0
rxn00472_c0csp,0.0
rxn00126_c0csp,0.002369503244165019
rxn01518_c0csp,0.001751352460777482
rxn12844_c0csp,0.0
rxn08798_c0csp,0.0
rxn00058_c0csp,-0.36595246974750595
rxn02584_c0csp,0.0
rxn08306_c0csp,0.0
rxn08821_c0csp,0.0
rxn00206_c0csp,0.0
rxn01871_c0csp,-0.2674018963361916
rxn05340_c0csp,0.0
rxn13952_c0csp,0.0
rxn00484_c0csp,0.0
rxn14301_c0csp,0.0
rxn00299_c0csp,0.0010155013903564401
rxn05389_c0csp,0.009312206123025675
rxn01132_c0csp,0.0
rxn08900_c0csp,0.0
rxn07230_c0csp,0.0
rxn04737_c0csp,0.0
rxn05735_c0csp,0.0
rxn03921_c0csp,0.0
rxn00904_c0csp,-0.9376169874376945
rxn02484_c0csp,0.0
rxn00013_c0csp,0.0
rxn02916_c0csp,0.0
rxn03618_c0csp,0.0
rxn01133_c0csp,0.0
rxn12639_c0csp,0.0
rxn01000_c0csp,0.016891806529585968
rxn00363_c0csp,0.0
rxn08128_c0csp,0.0
rxn04678_c0csp,0.07187822871188054
rxn00705_c0csp,0.0
rxn01670_c0csp,0.0
rxn12643_c0csp,0.0
rxn01300_c0csp,0.0
rxn00786_c0csp,0.0
rxn03402_c0csp,0.0
rxn14054_c0csp,0.0
rxn03012_c0csp,0.0
rxn03908_c0csp,0.038199284824546716
rxn00740_c0csp,0.0
rxn01100_c0csp,-1.0165863960175319
rxn00838_c0csp,0.02449153970729669
rxn02283_c0csp,0.0
rxn03287_c0csp,0.0
rxn05396_c0csp,0.009312206123025664
rxn00831_c0csp,0.0
rxn02004_c0csp,0.249753067792116
rxn12634_c0csp,0.0
rxn00883_c0csp,0.0
rxn01457_c0csp,0.0
rxn01255_c0csp,0.03727500257154926
rxn05872_c0csp,0.0
rxn04727_c0csp,0.0
rxn05251_c0csp,0.0
rxn05485_c0csp,0.04024414131698333
rxn14089_c0csp,0.0
rxn00214_c0csp,0.0
rxn01211_c0csp,0.04307633719148112
rxn00527_c0csp,0.0
rxn01215_c0csp,0.0
rxn05322_c0csp,0.0
rxn08804_c0csp,0.0
rxn01316_c0csp,0.0
rxn13782_c0csp,0.10931829069691718
rxn04270_c0csp,0.0
rxn05430_c0csp,0.0
rxn11838_c0csp,0.0
rxn08527_c0csp,0.004739006488330038
rxn05501_c0csp,0.0
rxn01509_c0csp,0.0
rxn00173_c0csp,-0.25177318612222793
rxn01548_c0csp,0.0
rxn08528_c0csp,0.0006770009269042911
rxn01145_c0csp,0.0
rxn05364_c0csp,0.009312206123025664
rxn03035_c0csp,0.0
rxn02115_c0csp,0.0
rxn10122_c0csp,0.0
rxn08352_c0csp,0.0
rxn00187_c0csp,0.0
rxn00376_c0csp,0.0
rxn08850_c0csp,0.0
rxn05734_c0csp,0.0
rxn00772_c0csp,0.0
rxn00721_c0csp,0.0
rxn08812_c0csp,0.0
rxn02503_c0csp,0.0
rxn05338_c0csp,0.0
rxn00627_c0csp,0.499506135584232
rxn03135_c0csp,0.00866496127454266
rxn05429_c0csp,0.0
rxn08310_c0csp,0.0
rxn00915_c0csp,0.0
rxn02853_c0csp,0.0
rxn06752_c0csp,0.0
rxn03462_c0csp,0.0
rxn10224_c0csp,0.0
rxn05337_c0csp,0.0
rxn02067_c0csp,0.0
rxn01653_c0csp,0.0
rxn00474_c0csp,0.005160033118547873
rxn03147_c0csp,0.03407287545348632
rxn05376_c0csp,0.009312206123025664
rxn11809_c0csp,0.0
rxn01116_c0csp,-0.009894849690450347
rxn02182_c0csp,0.0
rxn02811_c0csp,-0.050349073282798
rxn03062_c0csp,0.050349073282798
rxn08847_c0csp,0.0
rxn00868_c0csp,0.0
rxn00670_c0csp,0.0
rxn01544_c0csp,0.0
rxn00863_c0csp,0.0
rxn09113_c0csp,0.0034920772961346243
rxn00711_c0csp,0.0
rxn10184_c0csp,0.0
rxn01270_c0csp,-0.013530660606154687
rxn01763_c0csp,0.0
rxn00908_c0csp,-0.011191492238904938
rxn01138_c0csp,-0.001751352460777482
rxn14090_c0csp,0.0
rxn02402_c0csp,0.000677000926904281
rxn05452_c0csp,0.009312206123025664
rxn01607_c0csp,0.0
rxn05465_c0csp,0.1090123576852448
rxn12845_c0csp,0.0
rxn08820_c0csp,0.0
rxn05380_c0csp,0.009312206123025664
rxn05347_c0csp,0.0
rxn04413_c0csp,0.0
rxn00404_c0csp,0.0
rxn00145_c0csp,-0.7319049394950119
rxn08126_c0csp,0.0
rxn03407_c0csp,0.0
rxn05143_c0csp,0.0
rxn05388_c0csp,0.009312206123025675
rxn01870_c0csp,0.499506135584232
rxn01303_c0csp,0.01430953352970917
rxn08901_c0csp,0.0
rxn00113_c0csp,0.40271837840807734
rxn04736_c0csp,0.0
rxn00497_c0csp,0.0
rxn07579_c0csp,0.0
rxn00297_c0csp,0.0
rxn00137_c0csp,0.0243262402174575
rxn00745_c0csp,0.0
rxn06023_c0csp,0.00033850046345214557
rxn05028_c0csp,0.0
rxn00611_c0csp,0.0
rxn07435_c0csp,0.009312206123025663
rxn05746_c0csp,0.0
rxn01678_c0csp,0.0
rxn00832_c0csp,-0.04273783672802898
rxn05871_c0csp,0.0
rxn01106_c0csp,-0.8708516221076463
rxn12640_c0csp,0.0
rxn00931_c0csp,-0.02015333689697002
rxn02418_c0csp,0.0
rxn08756_c0csp,0.0
rxn09450_c0csp,0.0
rxn00938_c0csp,0.0
rxn00412_c0csp,0.010945415965556404
rxn02339_c0csp,0.0
rxn00650_c0csp,-0.00033850046345214557
rxn03167_c0csp,0.0010155013903564401
rxn09989_c0csp,0.0
rxn02737_c0csp,0.0
rxn00515_c0csp,-0.5042938649500821
rxn08846_c0csp,0.0
rxn05397_c0csp,0.009312206123025664
rxn03005_c0csp,-0.034411375916938464
rxn05012_c0csp,0.0
rxn03437_c0csp,0.0
rxn01353_c0csp,0.001751352460777482
rxn12633_c0csp,0.0
rxn00882_c0csp,0.0
rxn03244_c0csp,0.0
rxn00616_c0csp,-0.4332404291421309
rxn00552_c0csp,0.0
rxn01639_c0csp,0.0
rxn05409_c0csp,0.0
rxn00313_c0csp,0.03120359649989799
rxn02949_c0csp,0.0
rxn00735_c0csp,0.0
rxn00215_c0csp,0.0
rxn00775_c0csp,0.0
rxn02680_c0csp,0.0
rxn05405_c0csp,0.009312206123025664
rxn10571_c0csp,0.0
rxn05363_c0csp,0.009312206123025664
rxn00547_c0csp,0.0
rxn04750_c0csp,0.0
rxn05325_c0csp,0.0
rxn14229_c0csp,0.0
rxn11040_c0csp,0.0
rxn10168_c0csp,0.0
rxn05610_c0csp,-0.45492478726866403
rxn03366_c0csp,0.0
rxn02421_c0csp,0.0
rxn10042_c0csp,0.0
rxn08803_c0csp,0.0
rxn06062_c0csp,0.0
rxn02895_c0csp,0.034411375916938464
rxn02934_c0csp,0.0
rxn07688_c0csp,0.0
rxn00189_c0csp,0.5343559490814337
rxn05442_c0csp,0.009312206123025664
rxn00543_c0csp,0.0
rxn00428_c0csp,0.0
rxn00420_c0csp,0.14573477390988554
rxn06205_c0csp,0.0
rxn10221_c0csp,0.004656103061512832
rxn05451_c0csp,0.0
rxn08935_c0csp,0.0
rxn02804_c0csp,0.0
rxn05005_c0csp,0.00033850046345214557
rxn00548_c0csp,0.0
rxn02795_c0csp,0.0
rxn00048_c0csp,0.0006770009269042911
rxn07876_c0csp,0.0
rxn02695_c0csp,0.0
rxn12191_c0csp,0.0
rxn05231_c0csp,0.0
rxn00283_c0csp,0.005468231582126411
rxn00726_c0csp,0.0
rxn00184_c0csp,0.0
rxn00379_c0csp,0.0
rxn08851_c0csp,0.0
rxn02155_c0csp,0.000677000926904281
rxn02228_c0csp,0.0
rxn01754_c0csp,0.0
rxn05170_c0csp,0.0
rxn02475_c0csp,0.0006770009269042911
rxn00575_c0csp,0.0
rxn05339_c0csp,0.0
rxn05460_c0csp,0.0
rxn03108_c0csp,0.000338500463452141
rxn01018_c0csp,0.022626357011495124
rxn04132_c0csp,0.0
rxn05236_c0csp,0.0
rxn08813_c0csp,0.0
rxn00124_c0csp,0.0
rxn08793_c0csp,0.7098463305250694
rxn00947_c0csp,0.0
rxn03247_c0csp,0.0
rxn00278_c0csp,-0.9922618893184179
rxn01476_c0csp,0.0
rxn02789_c0csp,0.050349073282798
rxn00988_c0csp,0.0
rxn01600_c0csp,0.0
rxn05455_c0csp,0.0
rxn00410_c0csp,0.0
rxn03063_c0csp,0.0
rxn01333_c0csp,-0.08281469187613337
rxn06586_c0csp,-0.009312206123025675
rxn06394_c0csp,0.0
rxn12510_c0csp,0.000677000926904282
rxn00151_c0csp,0.0
rxn03933_c0csp,0.0
rxn07684_c0csp,0.0
rxn05342_c0csp,-0.010936463164252822
rxn00414_c0csp,0.0
rxn09110_c0csp,0.0
rxn00529_c0csp,0.0
rxn03970_c0csp,0.0
rxn05349_c0csp,0.0
rxn00303_c0csp,0.0
rxn00799_c0csp,-0.4332404291421309
rxn01977_c0csp,0.0
rxn02405_c0csp,0.008202347373189617
rxn00011_c0csp,0.35693350070411434
rxn07430_c0csp,0.0
rxn02200_c0csp,0.0010155013903564401
rxn01069_c0csp,0.0
rxn05528_c0csp,0.0
rxn00791_c0csp,0.005160033118547873
rxn00065_c0csp,0.0
rxn04676_c0csp,-0.07187822871188054
rxn02321_c0csp,0.0
rxn08975_c0csp,0.0
rxn01646_c0csp,0.0
rxn02884_c0csp,0.0
rxn03378_c0csp,0.0
rxn00105_c0csp,0.0
rxn03243_c0csp,0.0
rxn03446_c0csp,0.0
rxn01302_c0csp,-0.014648033993161318
rxn08933_c0csp,0.0
rxn00101_c0csp,0.0
rxn05060_c0csp,0.0
rxn00223_c0csp,0.499506135584232
rxn00784_c0csp,0.0
rxn03273_c0csp,0.0
rxn05393_c0csp,0.009312206123025675
rxn01418_c0csp,0.0
rxn01537_c0csp,0.0
rxn00328_c0csp,0.0
rxn02285_c0csp,-0.0027341157910632055
rxn08936_c0csp,0.249753067792116
rxn03047_c0csp,0.0
rxn00559_c0csp,-0.45492478726866403
rxn08848_c0csp,0.0
rxn07883_c0csp,0.0
rxn00691_c0csp,0.0
rxn08840_c0csp,0.0
rxn00807_c0csp,0.0
rxn03907_c0csp,0.038199284824546716
rxn01987_c0csp,0.0
rxn09310_c0csp,0.000338500463452141
rxn02834_c0csp,0.00866496127454266
rxn01213_c0csp,0.0037496171814196374
rxn03860_c0csp,0.0
rxn00459_c0csp,0.8708516221076463
rxn02304_c0csp,0.00016925023172607279
rxn00770_c0csp,0.07187822871188054
rxn05902_c0csp,-0.023987739754005352
rxn05153_c0csp,0.0243262402174575
rxn02318_c0csp,0.0
rxn08806_c0csp,0.0
rxn05436_c0csp,0.009312206123025664
rxn05195_c0csp,0.0
rxn05209_c0csp,0.0
rxn06377_c0csp,0.0
rxn05059_c0csp,0.0
rxn01366_c0csp,0.001751352460777482
rxn10121_c0csp,0.0
rxn06197_c0csp,0.0
rxn01208_c0csp,0.050349073282798
rxn01143_c0csp,0.0
rxn01647_c0csp,0.0
rxn05618_c0csp,0.00033850046345214557
rxn10474_c0csp,-0.00033850046345214557
rxn00260_c0csp,-0.5686621633783253
rxn04757_c0csp,0.0
rxn10120_c0csp,0.0
rxn07454_c0csp,0.0
rxn00461_c0csp,0.0027341157910632055
rxn06037_c0csp,0.0
rxn00817_c0csp,0.0
rxn00181_c0csp,0.0
rxn05247_c0csp,0.0
rxn03136_c0csp,0.03407287545348632
rxn00222_c0csp,0.0
rxn00621_c0csp,0.0
rxn05287_c0csp,0.0010155013903564319
rxn01387_c0csp,0.10046461617231683
rxn00818_c0csp,0.0
rxn02937_c0csp,0.034411375916938464
rxn08810_c0csp,0.0
rxn03467_c0csp,0.0
rxn01652_c0csp,0.0
rxn03137_c0csp,0.04273783672802898
rxn10343_c0csp,0.0
rxn01115_c0csp,0.0
rxn02755_c0csp,0.0
rxn08818_c0csp,0.0
rxn05239_c0csp,0.023987739754005352
rxn08312_c0csp,0.0
rxn00952_c0csp,0.01430953352970917
rxn01396_c0csp,0.0
rxn00161_c0csp,0.0
rxn01961_c0csp,0.0
rxn01517_c0csp,0.0
rxn09978_c0csp,0.0
rxn01807_c0csp,0.0
rxn05006_c0csp,0.00033850046345214557
rxn04443_c0csp,0.0
rxn01800_c0csp,0.0
rxn02107_c0csp,0.0
rxn08309_c0csp,0.0
rxn05379_c0csp,0.009312206123025664
rxn01512_c0csp,0.0
rxn03841_c0csp,0.0010155013903564401
rxn00866_c0csp,0.0
rxn04954_c0csp,0.0
rxn03249_c0csp,0.0
rxn04113_c0csp,0.03444966764312708
rxn00676_c0csp,0.0
rxn06979_c0csp,0.0
rxn01257_c0csp,0.0010155013903564401
rxn09272_c0csp,0.0
rxn05225_c0csp,0.0
rxn00903_c0csp,0.8991114572794741
rxn00980_c0csp,0.0
rxn00016_c0csp,0.0
rxn01648_c0csp,0.0
rxn01216_c0csp,0.0
rxn02213_c0csp,0.03727500257154926
rxn05441_c0csp,0.009312206123025664
rxn03365_c0csp,0.0
rxn03892_c0csp,0.0010155013903564319
rxn05454_c0csp,0.009312206123025664
rxn01127_c0csp,-0.001751352460777482
rxn01461_c0csp,0.0
rxn04908_c0csp,0.0
rxn05226_c0csp,0.0
rxn00615_c0csp,0.5029982128803666
rxn06160_c0csp,0.0
rxn05445_c0csp,0.0
rxn07493_c0csp,0.0
rxn00569_c0csp,0.0
rxn00332_c0csp,0.0
rxn05341_c0csp,0.0
rxn00406_c0csp,0.0
rxn05449_c0csp,0.0
rxn03971_c0csp,0.0
rxn00083_c0csp,0.13777033958674717
rxn06870_c0csp,0.0
rxn00743_c0csp,0.0
rxn01775_c0csp,0.0
rxn03236_c0csp,0.0
rxn01265_c0csp,-0.00033850046345214557
rxn00874_c0csp,0.0
rxn00834_c0csp,0.018246297020732296
rxn00782_c0csp,0.0
rxn01187_c0csp,0.18207307346911283
rxn00704_c0csp,-0.013670578955316027
rxn00773_c0csp,0.0
rxn01459_c0csp,0.0
rxn05252_c0csp,0.0
rxn01671_c0csp,0.0
rxn12642_c0csp,0.0
rxn11702_c0csp,0.0006770009269042911
rxn07673_c0csp,0.0
rxn01332_c0csp,0.03727500257154926
rxn02045_c0csp,0.0
rxn01530_c0csp,0.0
rxn01499_c0csp,0.0
rxn00320_c0csp,0.0
rxn00785_c0csp,0.12008969444768264
rxn03909_c0csp,0.03853778528799886
rxn10806_c0csp,0.7051073240367394
rxn01101_c0csp,0.14573477390988554
rxn06094_c0csp,0.0
rxn00355_c0csp,0.0
rxn03084_c0csp,0.034411375916938464
rxn06600_c0csp,0.0
rxn02005_c0csp,0.249753067792116
rxn08808_c0csp,0.009312206123025664
rxn00558_c0csp,-0.013670578955316027
rxn12635_c0csp,0.0
rxn00346_c0csp,0.000677000926904282
rxn04726_c0csp,0.0
rxn00550_c0csp,0.0
rxn07841_c0csp,0.0
rxn01859_c0csp,0.001751352460777482
rxn00806_c0csp,-0.041036867159772325
rxn05328_c0csp,0.0
rxn02199_c0csp,0.0
rxn05024_c0csp,0.0
rxn01851_c0csp,0.0
rxn11834_c0csp,0.0
rxn05201_c0csp,0.0
rxn09449_c0csp,0.0
rxn05323_c0csp,0.0
rxn03002_c0csp,0.0
rxn00314_c0csp,0.0
rxn05616_c0csp,-0.00033850046345214557
rxn08805_c0csp,0.0
rxn01507_c0csp,0.001751352460777482
rxn02423_c0csp,0.0
rxn05651_c0csp,0.0
rxn00077_c0csp,0.004823968715293003
rxn01388_c0csp,0.0
rxn02391_c0csp,0.0
rxn03638_c0csp,0.010936463164252822
rxn05438_c0csp,0.009312206123025664
rxn05126_c0csp,0.0
rxn01406_c0csp,0.00033850046345214557
rxn01446_c0csp,0.0
rxn05249_c0csp,0.0
rxn01816_c0csp,0.0
rxn10043_c0csp,0.0
rxn03980_c0csp,0.0
rxn06322_c0csp,0.0
rxn10223_c0csp,0.0
rxn04658_c0csp,0.0
rxn02596_c0csp,0.0
rxn10260_c0csp,0.0034920772961346243
rxn03915_c0csp,0.0
rxn03242_c0csp,0.0
rxn00541_c0csp,-0.023074110360298963
rxn03075_c0csp,0.0
rxn01368_c0csp,0.0
rxn00134_c0csp,0.0037823552414903558
rxn01480_c0csp,0.0
rxn01248_c0csp,0.0
rxn05233_c0csp,0.001751352460777482
rxn09109_c0csp,0.0
rxn00141_c0csp,0.0020310027807128738
rxn02003_c0csp,-0.0027341157910632055
rxn05375_c0csp,0.009312206123025664
rxn14294_c0csp,0.0
rxn01200_c0csp,0.0
rxn01241_c0csp,0.2860263085822429
rxn00859_c0csp,0.00866496127454266
rxn00438_c0csp,0.000338500463452141
rxn04744_c0csp,0.0
rxn00288_c0csp,0.0
rxn02185_c0csp,-0.08953160436792275
rxn00763_c0csp,-0.499506135584232
rxn08811_c0csp,0.0
rxn02473_c0csp,0.00866496127454266
rxn01275_c0csp,0.0
rxn06060_c0csp,0.0
rxn01434_c0csp,0.3800920213965822
rxn00912_c0csp,0.000677000926904282
rxn08819_c0csp,0.0
rxn02345_c0csp,0.0
rxn03849_c0csp,0.0
rxn03512_c0csp,0.0
rxn01291_c0csp,0.0
rxn00122_c0csp,0.00033850046345214557
rxn09979_c0csp,0.0
rxn06076_c0csp,0.0
rxn00985_c0csp,0.0
rxn10259_c0csp,0.0034920772961346243
rxn01602_c0csp,0.0
rxn07720_c0csp,0.0
rxn08094_c0csp,0.0
rxn02302_c0csp,0.0
rxn05223_c0csp,0.0
rxn03061_c0csp,0.0
rxn05433_c0csp,0.009312206123025664
rxn05344_c0csp,0.0
rxn03241_c0csp,0.0
rxn01521_c0csp,0.0
rxn12636_c0csp,0.0
rxn11759_c0csp,0.0
rxn05414_c0csp,0.0
rxn00338_c0csp,0.000677000926904281
rxn05384_c0csp,0.009312206123025675
rxn01975_c0csp,0.0
rxn02373_c0csp,0.027645475904975323
rxn01649_c0csp,0.0
rxn03094_c0csp,0.0
rxn00085_c0csp,0.0
rxn00119_c0csp,0.026343236132844054
rxn07432_c0csp,0.009312206123025675
rxn11749_c0csp,0.0
rxn04453_c0csp,0.0
rxn05468_c0csp,0.01032767578857834
rxn05447_c0csp,0.0
rxn01466_c0csp,0.0037496171814196374
rxn03409_c0csp,0.0
rxn03885_c0csp,0.0
rxn00974_c0csp,0.0
rxn01948_c0csp,0.0
rxn03488_c0csp,0.0
rxn05740_c0csp,0.0
rxn03904_c0csp,0.0027341157910632055
rxn01225_c0csp,0.0
rxn04760_c0csp,0.0
rxn07842_c0csp,0.0
rxn01171_c0csp,0.0
rxn02288_c0csp,0.00033850046345214557
rxn10199_c0csp,0.0027341157910632055
rxn00783_c0csp,0.0
rxn00409_c0csp,0.06104694230917912
rxn02831_c0csp,0.0006770009269042911
rxn07885_c0csp,0.0
rxn01258_c0csp,0.0006770009269042911
rxn08842_c0csp,0.0
rxn05669_c0csp,0.0
rxn02128_c0csp,0.0
rxn03041_c0csp,0.0
rxn03901_c0csp,0.0027341157910632055
rxn01985_c0csp,0.0
rxn00808_c0csp,0.0
rxn02832_c0csp,0.0006770009269042911
rxn10052_c0csp,0.00033850046345214557
rxn07672_c0csp,0.0
rxn04133_c0csp,0.0
rxn00193_c0csp,0.0027341157910632055
rxn05326_c0csp,0.0
rxn06760_c0csp,0.0
rxn00653_c0csp,0.0
rxn06372_c0csp,0.0
rxn00929_c0csp,0.0
rxn08800_c0csp,0.0
rxn14264_c0csp,0.0
rxn11892_c0csp,0.0
rxn02166_c0csp,0.0
rxn00256_c0csp,0.10046461617231683
rxn03644_c0csp,0.0
rxn03004_c0csp,0.0
rxn00138_c0csp,0.000677000926904281
rxn02015_c0csp,0.0
rxn02167_c0csp,0.0
rxn05368_c0csp,0.009312206123025664
rxn01858_c0csp,0.0
rxn01621_c0csp,0.0
rxn10770_c0csp,0.0
rxn01819_c0csp,0.0
rxn05360_c0csp,0.009312206123025664
rxn05421_c0csp,0.0
rxn06823_c0csp,0.0
rxn01799_c0csp,-0.001751352460777482
rxn00897_c0csp,0.0
rxn01485_c0csp,-0.010936463164252822
rxn05206_c0csp,0.00033850046345214557
rxn03031_c0csp,0.0
rxn09296_c0csp,0.022287856548042963
rxn00239_c0csp,0.018584797484184443
rxn00441_c0csp,0.0
rxn00302_c0csp,0.0
rxn00467_c0csp,-0.027645475904975323
rxn05611_c0csp,0.0
rxn02465_c0csp,0.0
rxn01791_c0csp,0.000677000926904282
rxn00183_c0csp,0.0
rxn03333_c0csp,0.0
rxn03465_c0csp,0.0
rxn01329_c0csp,0.0
rxn00950_c0csp,0.0
rxn00002_c0csp,0.0
rxn02507_c0csp,0.005160033118547873
rxn00542_c0csp,0.022058608969942523
rxn05937_c0csp,-0.07196321926201606
rxn10220_c0csp,0.004656103061512832
rxn05464_c0csp,0.0
rxn02862_c0csp,0.0
rxn10261_c0csp,0.0
rxn01964_c0csp,0.0
rxn08816_c0csp,0.0
rxn02341_c0csp,0.000677000926904282
rxn01923_c0csp,0.0
rxn06591_c0csp,0.0
rxn01519_c0csp,0.0
rxn01137_c0csp,0.0
rxn01343_c0csp,0.0
rxn01080_c0csp,0.0
rxn08797_c0csp,0.0
rxn00127_c0csp,0.00033850046345214557
rxn00445_c0csp,0.0
rxn05232_c0csp,0.003502704921554964
rxn09108_c0csp,0.0
rxn01513_c0csp,0.001751352460777482
rxn05372_c0csp,0.009312206123025664
rxn06510_c0csp,0.0
rxn08307_c0csp,0.0
rxn11612_c0csp,0.0
rxn05177_c0csp,0.0
rxn05426_c0csp,0.0
rxn00209_c0csp,0.0
rxn02474_c0csp,-0.0006770009269042911
rxn03246_c0csp,0.0
rxn02144_c0csp,0.0
rxn00604_c0csp,0.0
rxn12645_c0csp,0.0
rxn01019_c0csp,0.3800920213965822
rxn06335_c0csp,-0.009312206123025664
rxn08849_c0csp,0.0
rxn00633_c0csp,0.0
rxn09448_c0csp,0.0
rxn00525_c0csp,0.0
rxn05439_c0csp,0.009312206123025675
rxn02914_c0csp,-0.14573477390988554
rxn01603_c0csp,0.0010155013903564401
rxn00055_c0csp,0.0
rxn00686_c0csp,-0.002766853851133922
rxn00905_c0csp,0.0
rxn05456_c0csp,0.0
rxn02409_c0csp,0.0
rxn09112_c0csp,0.0
rxn00157_c0csp,0.025782114067916122
rxn03194_c0csp,0.0
rxn06075_c0csp,0.0
rxn00689_c0csp,0.0
rxn08129_c0csp,0.249753067792116
rxn01286_c0csp,0.0
rxn05289_c0csp,0.05328100614515825
rxn01973_c0csp,0.0
rxn05467_c0csp,0.0
rxn00117_c0csp,0.04274793087922328
rxn01308_c0csp,0.0
rxn05343_c0csp,0.0
rxn01520_c0csp,0.001751352460777482
rxn05425_c0csp,0.0
rxn00330_c0csp,0.0
rxn05736_c0csp,0.016404694746379234
rxn03445_c0csp,0.0
rxn01641_c0csp,0.0
rxn00493_c0csp,-0.016891806529585968
rxn00560_c0csp,0.0
rxn00293_c0csp,0.010936463164252822
rxn05383_c0csp,0.009312206123025675
rxn00741_c0csp,0.0
rxn00839_c0csp,-0.001751352460777482
rxn03838_c0csp,0.0
rxn05377_c0csp,0.009312206123025664
rxn05039_c0csp,0.0006770009269042911
rxn09106_c0csp,0.0034920772961346243
rxn04139_c0csp,0.00033850046345214557
rxn00851_c0csp,0.0027341157910632055
rxn10232_c0csp,0.001164025765378208
rxn00917_c0csp,0.018246297020732296
rxn01644_c0csp,0.0339377122909612
rxn12225_c0csp,0.0001692502317260705
rxn03893_c0csp,0.000338500463452141
rxn03182_c0csp,0.0027341157910632055
rxn03181_c0csp,0.0027341157910632055
rxn05386_c0csp,0.009312206123025675
rxn02476_c0csp,0.03727500257154926
rxn08713_c0csp,0.0027341157910632055
rxn00224_c0csp,0.00033850046345214557
rxn08954_c0csp,0.0027341157910632055
rxn10215_c0csp,0.004656103061512832
rxn01790_c0csp,0.000677000926904282
rxn05398_c0csp,0.009312206123025664
rxn01256_c0csp,0.030422467135740656
rxn05361_c0csp,0.009312206123025664
rxn02011_c0csp,0.0027341157910632055
rxn02929_c0csp,0.0339377122909612
rxn05402_c0csp,0.009312206123025664
rxn10265_c0csp,0.0034920772961346243
rxn01117_c0csp,0.008202347373189617
rxn01072_c0csp,0.0010155013903564401
rxn03130_c0csp,0.0027341157910632055
rxn05744_c0csp,0.016404694746379234
rxn10336_c0csp,0.001164025765378208
rxn02286_c0csp,0.0027341157910632055
rxn03397_c0csp,0.00033850046345214557
rxn10214_c0csp,0.004656103061512832
rxn05514_c0csp,0.00033850046345214557
rxn03538_c0csp,0.00033850046345214557
rxn10233_c0csp,0.001164025765378208
rxn00350_c0csp,0.00033850046345214557
rxn08708_c0csp,0.0027341157910632055
rxn03917_c0csp,0.010936463164252822
rxn10030_c0csp,0.009312206123025664
rxn09345_c0csp,0.0027341157910632055
rxn05406_c0csp,0.009312206123025664
rxn11703_c0csp,0.0006770009269042911
rxn02331_c0csp,0.008202347373189617
rxn06865_c0csp,0.0027341157910632055
rxn10226_c0csp,0.001164025765378208
rxn08711_c0csp,0.0027341157910632055
rxn05390_c0csp,0.009312206123025675
rxn05373_c0csp,0.009312206123025664
rxn03395_c0csp,0.00033850046345214557
rxn03439_c0csp,0.0027341157910632055
rxn09149_c0csp,0.004656103061512832
rxn01360_c0csp,0.022626357011495124
rxn09225_c0csp,0.0027341157910632055
rxn10484_c0csp,0.0339377122909612
rxn02774_c0csp,0.00033850046345214557
rxn05145_c0csp,0.08876473871316026
rxn10206_c0csp,0.004656103061512832
rxn09202_c0csp,0.001164025765378208
rxn05144_c0csp,0.00033850046345214557
rxn02508_c0csp,0.005160033118547873
rxn03159_c0csp,0.0027341157910632055
rxn05381_c0csp,0.009312206123025664
rxn02303_c0csp,0.00033850046345214557
rxn02008_c0csp,0.0027341157910632055
rxn03146_c0csp,0.005468231582126411
rxn08710_c0csp,0.0027341157910632055
rxn00599_c0csp,0.005416007415234329
rxn00056_c0csp,0.00025387534758910917
rxn08583_c0csp,0.0027341157910632055
rxn08764_c0csp,0.0
rxn00125_c0csp,0.00033850046345214557
rxn08620_c0csp,0.0027341157910632055
rxn08618_c0csp,0.0027341157910632055
rxn10337_c0csp,0.001164025765378208
rxn09210_c0csp,0.001164025765378208
rxn10205_c0csp,0.004656103061512832
rxn02056_c0csp,0.00033850046345214557
rxn00340_c0csp,0.021954480532689596
rxn06723_c0csp,0.005468231582126411
rxn05365_c0csp,0.009312206123025664
rxn08619_c0csp,0.0027341157910632055
rxn05394_c0csp,0.009312206123025675
rxn03916_c0csp,0.010936463164252822
rxn02186_c0csp,0.08953160436792275
rxn12239_c0csp,0.000338500463452141
rxn03537_c0csp,0.00033850046345214557
rxn03511_c0csp,0.010936463164252822
rxn09436_c0csp,0.013670578955316027
rxn03910_c0csp,0.038199284824546716
rxn05369_c0csp,0.009312206123025664
rxn10227_c0csp,0.001164025765378208
rxn00693_c0csp,0.016340536310422045
rxn11946_c0csp,0.00033850046345214557
rxn10266_c0csp,0.0034920772961346243
rxn08333_c0csp,0.0006770009269042911
rxn05029_c0csp,0.00033850046345214557
rxn10094_c0csp,0.00033850046345214557
rxn06729_c0csp,0.005468231582126411
rxn10473_c0csp,0.00033850046345214557
rxn03919_c0csp,0.010936463164252822
rxn03918_c0csp,0.010936463164252822
rxn10338_c0csp,0.001164025765378208
rxn05293_c0csp,0.038199284824546716
rxn12224_c0csp,0.00033850046345214557
rxn03393_c0csp,0.000338500463452141
rxn00958_c0csp,0.000338500463452141
rxn03150_c0csp,0.00033850046345214557
rxn03164_c0csp,0.0027341157910632055
rxn00789_c0csp,0.00866496127454266
rxn06848_c0csp,0.0027341157910632055
rxn02897_c0csp,0.00033850046345214557
rxn10053_c0csp,0.03407287545348632
rxn08712_c0csp,0.0027341157910632055
rxn08709_c0csp,0.0027341157910632055
rxn08131_c0csp,0.00033850046345214324
bio1csp,0.10931829069691718
EX_cpd08636_c0csp,0.0
EX_cpd00023_e0,0.0
EX_cpd00107_e0,0.0
EX_cpd00322_e0,-0.03574520596615305
EX_cpd15302_c0csp,0.0
EX_cpd00156_e0,0.0
rxn_Endglu_c0csp,0.22235342990583112
rxn_Exoglu_c0csp,0.22235342990583112
rxn_bglu_c0csp,0.0
Bio1,0.2542285830160865
EX_cpd11416_c0,0.2542285830160865
